,0,1,2,3,4,5,6,7,8,9,10,11
0,#,School Code,School Name,Block Name,Local Body Type,Parliamentary Name,Assembly Name,Finance Type,Level Name,School Phone,School Wiki,Location
1,1058 Matches Found For the Search! ( Keywords: Revenue District : Thiruvananthapuram),,,,,,,,,,,
2,1,HS:1096, Loyola School Sreekaryam ,,Thiruvananthapuram(C),"Thiruvananthapuram
",Kazhakkoottam,Unaided Recognised,  1 - 12,04712598585 ,  ,Not Available
3,2,HS:42001, S N V H S S Anad ,Nedumangad,Thiruvananthapuram(P),"Attingal *
",Vamanapuram,Aided,  5 - 12,04722812280 ,  ,Location map
4,3,HS:42002, P H M K M V H S S Panavoor ,Nedumangad,Thiruvananthapuram(P),"Attingal *
",Vamanapuram,Aided,  8 - 12,04722865126 ,  ,Location map
5,4,HS:42003, Govt. H S S Aruvikkara ,Nedumangad,Thiruvananthapuram(P),"Attingal *
",Aruvikkara,Government,  5 - 12,2888233 ,  ,Location map
6,5,HS:42004, Govt. T H S Meenankal ,Vellanad,Thiruvananthapuram(P),"Attingal *
",Aruvikkara,Government,  1 -10,04722892094 ,  ,Location map
7,6,HS:42005, Govt. V & H S S Aryanad ,Vellanad,Thiruvananthapuram(P),"Attingal *
",Aruvikkara,Government,  5 - 12,04722852255 ,  ,Location map
8,7,HS:42006, Govt. Model HSS For Boys Attingal ,,Attingal(M),"Attingal *
",Attingal,Government,  6-12,04702622283 ,  ,Location map
9,8,HS:42007, Govt V H S S Alamcode ,Kilimanoor,Thiruvananthapuram(P),"Attingal *
",Attingal,Government,  5 - 12,04702620270 ,  ,Location map
10,9,HS:42008, Govt H S S For Girls Attingal ,,Attingal(M),"Attingal *
",Attingal,Government,  6-12,04702622597 ,  ,Location map
11,10,HS:42010, Navabharath E M H S S Attingal ,,Attingal(M),"Attingal *
",Attingal,Unaided Recognised,  1 - 12,04702623877 ,  ,Not Available
12,11,HS:42011, Govt. H S S Elampa ,Chirayinkeezh,Thiruvananthapuram(P),"Attingal *
",Attingal,Government,  5 - 12,04702639006 ,  ,Location map
13,12,HS:42012, Sr.Elizabeth Joel C S I E M H S S Attingal ,,Attingal(M),"Attingal *
",Attingal,Unaided Recognised,  1 - 12,04702620010 ,  ,Not Available
14,13,HS:42013, S C V B H S Chirayinkeezhu ,Chirayinkeezh,Thiruvananthapuram(P),"Attingal *
",Chirayinkeezhu,Aided,  5 - 10,04702640208 ,  ,Location map
15,14,HS:42014, S S V G H S S Chirayinkeezhu ,Chirayinkeezh,Thiruvananthapuram(P),"Attingal *
",Chirayinkeezhu,Aided,  5 - 12,9447557551 ,  ,Location map
16,15,HS:42015, P N M G H S S Koonthalloor ,Chirayinkeezh,Thiruvananthapuram(P),"Attingal *
",Chirayinkeezhu,Government,  5 - 12,04702640216 ,  ,Location map
17,16,HS:42016, M R M K M M H S S Edava ,Varkala,Thiruvananthapuram(P),"Attingal *
",Varkala,Aided,  5 - 12,04702660721 ,  ,Location map
18,17,HS:42017, L F E M H S S Edava ,Varkala,Thiruvananthapuram(P),"Attingal *
",Varkala,Unaided Recognised,  1 - 12,04702660156 ,  ,Not Available
19,18,HS:42018, G H S S Kappil ,Varkala,Thiruvananthapuram(P),"Attingal *
",Varkala,Government,  5 - 12,04702661877 ,  ,Location map
20,19,HS:42019, S S P B H S S Kadakkavoor ,Chirayinkeezh,Thiruvananthapuram(P),"Attingal *
",Chirayinkeezhu,Aided,  5 - 12,04702656808 ,  ,Location map
21,20,HS:42020, G S N V H S S Kadakkavoor ,Chirayinkeezh,Thiruvananthapuram(P),"Attingal *
",Chirayinkeezhu,Government,  1 - 12,04702658497 ,  ,Location map
22,21,HS:42021, Govt H S Avanavancheri ,,Attingal(M),"Attingal *
",Attingal,Government,  1 -10,04702632163 ,  ,Location map
23,22,HS:42022, St.Joseph's  H S S Anchuthengu ,Chirayinkeezh,Thiruvananthapuram(P),"Attingal *
",Chirayinkeezhu,Aided,  1 - 12,04702657900 ,  ,Location map
24,23,HS:42023, G H S S KAVALAYOOR ,Varkala,Thiruvananthapuram(P),"Attingal *
",Attingal,Government,  1 - 12,04702689078 ,  ,Location map
25,24,HS:42024, R R V B V H S S Kilimanoor ,Kilimanoor,Thiruvananthapuram(P),"Attingal *
",Attingal,Aided,  5 - 12,04702672485 ,  ,Location map
26,25,HS:42025, Govt. HSS Kilimanoor ,Kilimanoor,Thiruvananthapuram(P),"Attingal *
",Attingal,Government,  5 - 12,04702673055 ,  ,Location map
27,26,HS:42026, Govt. Boys H.S.S. Mithirmala ,Vamanapuram,Thiruvananthapuram(P),"Attingal *
",Vamanapuram,Government,  5 - 12,04722820503 ,  ,Location map
28,27,HS:42027, Govt. Girls H.S.S. Mithirmala ,Vamanapuram,Thiruvananthapuram(P),"Attingal *
",Vamanapuram,Government,  5 - 12,04722820754 ,  ,Location map
29,28,HS:42028, Govt. H.S.S. Bharathannoor ,Vamanapuram,Thiruvananthapuram(P),"Attingal *
",Vamanapuram,Government,  5 - 12,04722869292 ,  ,Location map
30,29,HS:42029, S.K.V.H.S. Nanniyode ,Vamanapuram,Thiruvananthapuram(P),"Attingal *
",Vamanapuram,Aided,  5 - 12,04722840242 ,  ,Location map
31,30,HS:42030, Govt. H.S. Madatharakani ,Vamanapuram,Thiruvananthapuram(P),"Attingal *
",Vamanapuram,Government,  1 -10,04742443192 ,  ,Location map
32,31,HS:42031, B.R.M.H.S. Elavattom ,Vamanapuram,Thiruvananthapuram(P),"Attingal *
",Vamanapuram,Aided,  5 - 10,04722840754 ,  ,Location map
33,32,HS:42032, N.S.S.H.S. Palode ,Vamanapuram,Thiruvananthapuram(P),"Attingal *
",Vamanapuram,Aided,  5 - 10,04722845015 ,  ,Location map
34,33,HS:42033, S K V H S Kadampattukonam ,Kilimanoor,Thiruvananthapuram(P),"Attingal *
",Varkala,Aided,  5 - 10,04702682376 ,  ,Location map
35,34,HS:42034, Govt. HSS Navaikulam ,Kilimanoor,Thiruvananthapuram(P),"Attingal *
",Varkala,Government,  5 - 12,04702692092 ,  ,Location map
36,35,HS:42035, Govt V H S S Njekkad ,Varkala,Thiruvananthapuram(P),"Attingal *
",Attingal,Government,  5 - 12,04702692274 ,  ,Location map
37,36,HS:42036, L M S H S S Vattappara ,Nedumangad,Thiruvananthapuram(P),"Attingal *
",Nedumangad,Aided,  5 - 12,04722585442 ,  ,Location map
38,37,HS:42037, Govt. V H S S For Boys Nedumangad ,,Nedumangad(M),"Attingal *
",Nedumangad,Government,  8 - 12,04722812328 ,  ,Location map
39,38,HS:42038, Manarulhuda E M H S Nedumangad ,,Nedumangad(M),"Attingal *
",Nedumangad,Unaided Recognised,  1 - 12,04722802398 ,  ,Not Available
40,39,HS:42039, Govt. H S S Poovathoor ,,Nedumangad(M),"Attingal *
",Nedumangad,Government,  5 - 12,04722801423 ,  ,Location map
41,40,HS:42040, Govt. H S Karippoor ,,Nedumangad(M),"Attingal *
",Nedumangad,Government,  1 -10,04722812143 ,  ,Location map
42,41,HS:42041, S N H S S Uzhamalakkal ,Vellanad,Thiruvananthapuram(P),"Attingal *
",Aruvikkara,Aided,  5 - 12,04722898156 ,  ,Location map
43,42,HS:42042, Govt. H S S For Girls Nedumangad ,,Nedumangad(M),"Attingal *
",Nedumangad,Government,  5 - 12,04722802492 ,  ,Location map
44,43,HS:42043, Darsana H S S Nedumangad ,,Nedumangad(M),"Attingal *
",Nedumangad,Unaided Recognised,  1 - 12,04722812564 ,  ,Not Available
45,44,HS:42044, Govt. V & H S S Vellanad ,Vellanad,Thiruvananthapuram(P),"Attingal *
",Aruvikkara,Government,  5 - 12,04722882032 ,  ,Location map
46,45,HS:42045, Vikas Bhavan H S Mithraniketan ,Vellanad,Thiruvananthapuram(P),"Attingal *
",Aruvikkara,Unaided Recognised,  1 -10,04722884066 ,  ,Not Available
47,46,HS:42046, S N V H S S Nedunganda ,Chirayinkeezh,Thiruvananthapuram(P),"Attingal *
",Chirayinkeezhu,Aided,  5 - 12,04702600762 ,  ,Location map
48,47,HS:42047, Govt.V & HSS Pakalkuri ,Kilimanoor,Thiruvananthapuram(P),"Attingal *
",Varkala,Government,  5 - 12,04702682056 ,  ,Location map
49,48,HS:42048, NSSHS Madavoor ,Kilimanoor,Thiruvananthapuram(P),"Attingal *
",Varkala,Aided,  5 - 12,04702682096 ,  ,Location map
50,49,HS:42049, Govt. HSS Pallickal ,Kilimanoor,Thiruvananthapuram(P),"Attingal *
",Varkala,Government,  1 - 12,04702682578 ,  ,Location map
51,50,HS:42050, V H S S Karavaram ,Kilimanoor,Thiruvananthapuram(P),"Attingal *
",Chirayinkeezhu,Aided,  8 - 12,04702692380 ,  ,Location map
52,51,HS:42051, Govt H S S Venjaramood ,Vamanapuram,Thiruvananthapuram(P),"Attingal *
",Vamanapuram,Government,  8 - 12,2872124 ,  ,Location map
53,52,HS:42052, G H S S Vakkom ,Chirayinkeezh,Thiruvananthapuram(P),"Attingal *
",Attingal,Government,  5 - 12,04702653771 ,  ,Location map
54,53,HS:42053, Sivagiri H S S Varkala ,,Varkala(M),"Attingal *
",Varkala,Aided,  5 - 12,04702603010 ,  ,Location map
55,54,HS:42054, G H S S Palayamkunnu ,Varkala,Thiruvananthapuram(P),"Attingal *
",Varkala,Government,  1 - 12,04702667217 ,  ,Location map
56,55,HS:42055, Mulamana V.H.S.S. Anakudy ,Vamanapuram,Thiruvananthapuram(P),"Attingal *
",Vamanapuram,Aided,  8 - 12,04722835105 ,  ,Location map
57,56,HS:42056, DBHS Vamanapuram ,Kilimanoor,Thiruvananthapuram(P),"Attingal *
",Attingal,Aided,  5 - 10,04702836138 ,  ,Location map
58,57,HS:42057, G M H S Nadayara ,,Varkala(M),"Attingal *
",Varkala,Government,  1 -10,04702600292 ,  ,Location map
59,58,HS:42058, G M H S S Varkala ,,Varkala(M),"Attingal *
",Varkala,Government,  5 - 12,04702602278 ,  ,Location map
60,59,HS:42059, Govt. V & H.S.S. Vithura ,Vellanad,Thiruvananthapuram(P),"Attingal *
",Aruvikkara,Government,  8 - 12,04722856202 ,  ,Location map
61,60,HS:42060, Govt. H.S. Anappara ,Vellanad,Thiruvananthapuram(P),"Attingal *
",Aruvikkara,Government,  1 -10,04722856509 ,  ,Location map
62,61,HS:42061, Govt. H.S.S. Tholicode ,Vellanad,Thiruvananthapuram(P),"Attingal *
",Aruvikkara,Government,  5 - 12,04722879595 ,  ,Location map
63,62,HS:42062, V.K.Kani Govt. H.S. Panacode ,Vellanad,Thiruvananthapuram(P),"Attingal *
",Aruvikkara,Government,  1 -10,04722879633 ,  ,Location map
64,63,HS:42063, G H S S Vettoor ,Varkala,Thiruvananthapuram(P),"Attingal *
",Varkala,Government,  1 - 12,04702602023 ,  ,Location map
65,64,HS:42064, R R V   G H S S Kilimanoor ,Kilimanoor,Thiruvananthapuram(P),"Attingal *
",Attingal,Aided,  5 - 12,04702672185 ,  ,Location map
66,65,HS:42065, Govt. HSS Thattathumala ,Kilimanoor,Thiruvananthapuram(P),"Attingal *
",Attingal,Government,  1 - 12,04702649646 ,  ,Location map
67,66,HS:42066, Govt. V & H S S Karakulam ,Nedumangad,Thiruvananthapuram(P),"Attingal *
",Nedumangad,Government,  8 - 12,04712371822 ,  ,Location map
68,67,HS:42067, Iqbal H.S.S. Peringammala ,Vamanapuram,Thiruvananthapuram(P),"Attingal *
",Vamanapuram,Aided,  8 - 12,04722845543 ,  ,Location map
69,68,HS:42068, G H S Cherunniyoor ,Varkala,Thiruvananthapuram(P),"Attingal *
",Attingal,Government,  8 - 12,04702601101 ,  ,Location map
70,69,HS:42069, Govt. HS Nagaroor Nedumparampu ,Kilimanoor,Thiruvananthapuram(P),"Attingal *
",Attingal,Government,  1 - 12,04702678467 ,  ,Location map
71,70,HS:42070, Janatha H S S Thempammood ,Vamanapuram,Thiruvananthapuram(P),"Attingal *
",Vamanapuram,Aided,  5 - 12,04722829119 ,  ,Location map
72,71,HS:42071, Govt. V.H.S.S. Kallara ,Vamanapuram,Thiruvananthapuram(P),"Attingal *
",Vamanapuram,Government,  1 - 12,04722860805 ,  ,Location map
73,72,HS:42072, Govt. H S S Azhoor ,Pothencode,Thiruvananthapuram(P),"Attingal *
",Chirayinkeezhu,Government,  1 - 12,04702635586 ,  ,Location map
74,73,HS:42073, SNVHSS Panayara ,Varkala,Thiruvananthapuram(P),"Attingal *
",Varkala,Aided,  1 - 12,9496390022 ,  ,Location map
75,74,HS:42074, A K M HS Kudavoor ,Kilimanoor,Thiruvananthapuram(P),"Attingal *
",Varkala,Aided,  8 - 10,04702690753 ,  ,Location map
76,75,HS:42075, Govt. HS Koduvazhannoor ,Kilimanoor,Thiruvananthapuram(P),"Attingal *
",Attingal,Government,  1 - 12,04702678045 ,  ,Location map
77,76,HS:42076, Govt. T.H.S. Idinjar ,Vamanapuram,Thiruvananthapuram(P),"Attingal *
",Vamanapuram,Government,  1 -10,04722845122 ,  ,Location map
78,77,HS:42077, S S M E M H S Mudapuram ,Chirayinkeezh,Thiruvananthapuram(P),"Attingal *
",Chirayinkeezhu,Unaided Recognised,  1 - 12,04702642663 ,  ,Not Available
79,78,HS:42078, Vidhyadhiraja E M H S S Attingal ,,Attingal(M),"Attingal *
",Attingal,Unaided Recognised,  8 - 10,04702624461 ,  ,Not Available
80,79,HS:42079, Crescent H S Nedumangad ,Nedumangad,Thiruvananthapuram(P),"Attingal *
",Nedumangad,Unaided Recognised,  1 -10,04722802634 ,  ,Not Available
81,80,HS:42080, KTCT EM HSS Kaduvayil ,Kilimanoor,Thiruvananthapuram(P),"Attingal *
",Attingal,Unaided Recognised,  1 - 12,04702693860 ,  ,Not Available
82,81,HS:42081, Gem Know Model H S S Melvettor ,Varkala,Thiruvananthapuram(P),"Attingal *
",Varkala,Unaided Recognised,  1 - 12,04702600601 ,  ,Not Available
83,82,HS:42082, S H C H S Anchuthengu ,Chirayinkeezh,Thiruvananthapuram(P),"Attingal *
",Varkala,Unaided Recognised,  1 -10,04702659271 ,  ,Not Available
84,83,HS:42083, S N E M H S Saradagiri Varkala ,,Varkala(M),"Attingal *
",Varkala,Unaided Recognised,  1 -10,9447666301 ,  ,Not Available
85,84,HS:42084, Govt. HS Ponganad ,Kilimanoor,Thiruvananthapuram(P),"Attingal *
",Attingal,Government,  1 -10,04702651770 ,  ,Not Available
86,85,HS:42085, Govt. H S Ayilam ,Chirayinkeezh,Thiruvananthapuram(P),"Attingal *
",Chirayinkeezhu,Government,  1 -10,04702639369 ,  ,Not Available
87,86,HS:42086, Govt. High School Jawahar Colony ,Vamanapuram,Thiruvananthapuram(P),"Attingal *
",Vamanapuram,Government,  1 -10,04722876825 ,  ,Not Available
88,87,HS:42087, Govt. H.S. Chettachal ,Vellanad,Thiruvananthapuram(P),"Attingal *
",Aruvikkara,Government,  1 -10,04722849536 ,  ,Not Available
89,88,HS:42088, Govt. H S Kudavoorkonam ,Chirayinkeezh,Thiruvananthapuram(P),"Attingal *
",Chirayinkeezhu,Government,  1 -10,04702629040 ,  ,Not Available
90,89,HS:42099, LOVEDALE CBSE HSS  ATTINGAL ,Varkala,Thiruvananthapuram(P),"Attingal *
",Varkala,Unaided Recognised,  1 - 12,04702621910 ,  ,Not Available
91,90,HS:42110," SREE AUROVINDO PUBLIC SCHOOL, KARAVARAM ",Kilimanoor,Thiruvananthapuram(P),"Attingal *
",Attingal,Unaided Recognised,  1 -10,04702691447 ,  ,Not Available
92,91,HS:42151,"  JAWAHAR NAVAODAYA VIDYALAYA, THIRUVANANTHAPURAM ",Vellanad,Thiruvananthapuram(P),"Attingal *
",Aruvikkara,Government,  6-12,04722859664 ,  ,Not Available
93,92,LP:42201, G B B L P S Anchuthengu ,Chirayinkeezh,Thiruvananthapuram(P),"Attingal *
",Chirayinkeezhu,Government,  1 - 4,2657111 ,  ,Location map
94,93,LP:42202, G L P S Cherunniyoor ,Varkala,Thiruvananthapuram(P),"Attingal *
",Attingal,Government,  1 - 4,9446514884 ,  ,Location map
95,94,LP:42203, G M L P S Palachira ,Varkala,Thiruvananthapuram(P),"Attingal *
",Attingal,Government,  1 - 4, ,  ,Location map
96,95,LP:42204, G M P L P S Elakamon ,Varkala,Thiruvananthapuram(P),"Attingal *
",Varkala,Government,  1 - 4,04702665544 ,  ,Location map
97,96,LP:42205, G Central L P S Elakamon ,Varkala,Thiruvananthapuram(P),"Attingal *
",Varkala,Government,  1 - 4,04742668099 ,  ,Location map
98,97,LP:42206, G L P S Hariharapuram ,Varkala,Thiruvananthapuram(P),"Attingal *
",Varkala,Government,  1 - 4,8547517426 ,  ,Location map
99,98,LP:42207, G L P S Chilakkoor Panayil ,,Varkala(M),"Attingal *
",Varkala,Government,  1 - 4,04702601400 ,  ,Location map
100,99,LP:42208, G L P S Kappil ,Varkala,Thiruvananthapuram(P),"Attingal *
",Varkala,Government,  1 - 4,04702661926 ,  ,Location map
101,100,LP:42209, G A M L P S Kayikkara ,Chirayinkeezh,Thiruvananthapuram(P),"Attingal *
",Attingal,Government,  1 - 4,04702658700 ,  ,Location map
102,101,LP:42210, G L P B S Kurakkanni ,,Varkala(M),"Attingal *
",Varkala,Government,  1 - 4,9447342489 ,  ,Location map
103,102,LP:42211, G L P G S Kurakkanni ,,Varkala(M),"Attingal *
",Varkala,Government,  1 - 4,04702611952 ,  ,Location map
104,103,LP:42212, G L P S Muthana ,Varkala,Thiruvananthapuram(P),"Attingal *
",Varkala,Government,  1 - 4,9995891931 ,  ,Location map
105,104,LP:42214, G M L P S Odetty ,Varkala,Thiruvananthapuram(P),"Attingal *
",Varkala,Government,  1 - 4,04702664009 ,  ,Location map
106,105,LP:42215, G L P S Panayara ,Varkala,Thiruvananthapuram(P),"Attingal *
",Varkala,Government,  1 - 4,04702603026 ,  ,Location map
107,106,LP:42216, G W L P S Poika ,,Varkala(M),"Attingal *
",Varkala,Government,  1 - 4,04702662726 ,  ,Location map
108,107,LP:42217, G L P S Sreenivasapuram ,Varkala,Thiruvananthapuram(P),"Attingal *
",Varkala,Government,  1 - 4,04702610126 ,  ,Location map
109,108,LP:42218, K G G L P S Thannimoodu ,Varkala,Thiruvananthapuram(P),"Attingal *
",Attingal,Government,  1 - 4,9495433020 ,  ,Location map
110,109,LP:42219, G New L P S Vakkom ,Chirayinkeezh,Thiruvananthapuram(P),"Attingal *
",Attingal,Government,  1 - 4,04702654566 ,  ,Location map
111,110,LP:42220, G L P B S Vakkom ,Chirayinkeezh,Thiruvananthapuram(P),"Attingal *
",Attingal,Government,  1 - 4,9946749995 ,  ,Location map
112,111,LP:42221, G L P S Valayantakuzhy ,Varkala,Thiruvananthapuram(P),"Attingal *
",Varkala,Government,  1 - 4,04702611700 ,  ,Location map
113,112,LP:42222, G M V L P S Varkala ,,Varkala(M),"Attingal *
",Varkala,Government,  1 - 4,2613300 ,  ,Location map
114,113,LP:42223, G L P G S Varkala ,,Varkala(M),"Attingal *
",Varkala,Government,  1 - 4,04702611255 ,  ,Location map
115,114,LP:42224, G L P S Venkulam ,Varkala,Thiruvananthapuram(P),"Attingal *
",Varkala,Government,  1 - 4,04702660160 ,  ,Location map
116,115,LP:42225, G L P S Vilabhagom ,Varkala,Thiruvananthapuram(P),"Attingal *
",Varkala,Government,  1 - 4,0470206171 ,  ,Location map
117,116,LP:42226, G W L P S Kayalppuram ,Varkala,Thiruvananthapuram(P),"Attingal *
",Varkala,Government,  1 - 4,04722665826 ,  ,Location map
118,117,LP:42227, M M M G L P S Nedunganda ,Chirayinkeezh,Thiruvananthapuram(P),"Attingal *
",Chirayinkeezhu,Government,  1 - 4,04702606999 ,  ,Location map
119,118,LP:42228, G M L P S Chilakkoor ,,Varkala(M),"Attingal *
",Varkala,Government,  1 - 4,04702602600 ,  ,Location map
120,119,LP:42229, S H C L P S Anchuthengu ,Chirayinkeezh,Thiruvananthapuram(P),"Attingal *
",Chirayinkeezhu,Aided,  1 - 4,04702656726 ,  ,Location map
121,120,LP:42230, S N V L P S Chemmaruthy ,Varkala,Thiruvananthapuram(P),"Attingal *
",Varkala,Aided,  1 - 4,04702693736 ,  ,Location map
122,121,LP:42231, S R V L P S Kadakkavoor ,Chirayinkeezh,Thiruvananthapuram(P),"Attingal *
",Chirayinkeezhu,Aided,  1 - 4,8848874329 ,  ,Location map
123,122,LP:42232, G L P S Karunnilacode  ,,Varkala(M),"Attingal *
",Varkala,Government,  1 - 4,04702051500 ,  ,Location map
124,123,LP:42233, St.Alloysius L P S Mampally ,Chirayinkeezh,Thiruvananthapuram(P),"Attingal *
",Chirayinkeezhu,Aided,  1 - 4,04702657251 ,  ,Location map
125,124,LP:42234, L M S L P S Vakkom ,Chirayinkeezh,Thiruvananthapuram(P),"Attingal *
",Chirayinkeezhu,Aided,  1 - 4,04702650809 ,  ,Location map
126,125,LP:42235, L P S Vencode ,Varkala,Thiruvananthapuram(P),"Attingal *
",Varkala,Aided,  1 - 4,9495752552 ,  ,Location map
127,126,LP:42236, Mt.Carmel L P S Vennicode ,Varkala,Thiruvananthapuram(P),"Attingal *
",Varkala,Aided,  1 - 4,9846355044 ,  ,Location map
128,127,LP:42237, M L P S Vettoor Elappil ,Varkala,Thiruvananthapuram(P),"Attingal *
",Varkala,Aided,  1 - 4,9496195960 ,  ,Location map
129,128,LP:42238, L M L P S Karippuram ,Varkala,Thiruvananthapuram(P),"Attingal *
",Varkala,Aided,  1 - 4,0470266088 ,  ,Location map
130,129,LP:42239, A M L P S Kovoor ,Varkala,Thiruvananthapuram(P),"Attingal *
",Varkala,Aided,  1 - 4,9895889136 ,  ,Location map
131,130,LP:42240, M V L P S Manthara ,Varkala,Thiruvananthapuram(P),"Attingal *
",Varkala,Aided,  1 - 4,9495045224 ,  ,Location map
132,131,LP:42241, L M S L P S Varkala ,Varkala,Thiruvananthapuram(P),"Attingal *
",Varkala,Aided,  1 - 4,9446846457 ,  ,Location map
133,132,LP:42242, G L P G S Vakkom ,Chirayinkeezh,Thiruvananthapuram(P),"Attingal *
",Attingal,Government,  1 - 5,04702656333 ,  ,Location map
134,133,UP:42243, G U P S Ayiroor ,Varkala,Thiruvananthapuram(P),"Attingal *
",Varkala,Government,  1 - 7,04702665526 ,  ,Location map
135,134,UP:42244, G M U P S Edava ,Varkala,Thiruvananthapuram(P),"Attingal *
",Varkala,Government,  1 - 7,04702660515 ,  ,Location map
136,135,UP:42245, G U P S Nilakkamukku ,Chirayinkeezh,Thiruvananthapuram(P),"Attingal *
",Attingal,Government,  1 - 7,04702653838 ,  ,Location map
137,136,UP:42246, H H T M U P S Palachira ,Varkala,Thiruvananthapuram(P),"Attingal *
",Attingal,Aided,  1 - 7,9446283945 ,  ,Location map
138,137,UP:42247, Prabodhini U P S Vakkom ,Chirayinkeezh,Thiruvananthapuram(P),"Attingal *
",Attingal,Aided,  1 - 7,04702560805 ,  ,Location map
139,138,UP:42248, L V U P S Venkulam ,Varkala,Thiruvananthapuram(P),"Attingal *
",Varkala,Aided,  1 - 7,04702661919 ,  ,Location map
140,139,UP:42249, A M U P S Ayiror ,Varkala,Thiruvananthapuram(P),"Attingal *
",Varkala,Aided,  5 -7,04702665144 ,  ,Location map
141,140,UP:42250, U P S Elakamon ,Varkala,Thiruvananthapuram(P),"Attingal *
",Varkala,Aided,  5 -7,2665040 ,  ,Location map
142,141,UP:42251, St.Sebastian`s U P S Mudiacode ,Varkala,Thiruvananthapuram(P),"Attingal *
",Attingal,Aided,  5 -7,04702611446 ,  ,Location map
143,142,UP:42252, St.Thomas U P S Ayiroor ,Varkala,Thiruvananthapuram(P),"Attingal *
",Varkala,Aided,  5 -7,04702665170 ,  ,Location map
144,143,UP:42253, R K M U P S Muthana ,Varkala,Thiruvananthapuram(P),"Attingal *
",Varkala,Aided,  5 -7,04702696422 ,  ,Location map
145,144,UP:42254, H V U P S KURAKKANI ,,Varkala(M),"Attingal *
",Varkala,Aided,  5 -7,7012024542 ,  ,Location map
146,145,UP:42255, A M T T I Vilabhagam ,Varkala,Thiruvananthapuram(P),"Attingal *
",Varkala,Aided,  5 -7,04702608490 ,  ,Location map
147,146,LP:42256," Jyothis Trinity School,Kovur,Varkala ",Varkala,Thiruvananthapuram(P),"Attingal *
",Varkala,Unaided Recognised,  1 - 4,9495301384 ,  ,Not Available
148,147,UP:42270," Light to the blind, varkala ",,Varkala(M),"Attingal *
",Varkala,Aided,  1 - 7,04702602367 ,  ,Location map
149,148,HS:42271, Sivagiri Sree Narayana Senior Secondary School Varkala ,,Varkala(M),"Attingal *
",Varkala,Unaided Recognised,  1 - 12,04702604271 ,  ,Not Available
150,149,HS:42273, MAHATMA GANDHI MEMORIAL MODEL SCHOOL Varkala ,Varkala,Thiruvananthapuram(P),"Attingal *
",Varkala,Unaided Recognised,  1 - 12,04702602193 ,  ,Not Available
151,150,HS:42283, Shanthiniketan School Kunnumpuram ,Nemom,Thiruvananthapuram(P),"Attingal *
",Kattakkada,Unaided Recognised,  1 - 12,04712270299 ,  ,Not Available
152,151,LP:42301, L M S L P S Attingal ,,Attingal(M),"Attingal *
",Attingal,Aided,  1 - 4,04702624526 ,  ,Location map
153,152,LP:42302, Govt. L P S Keezhattingal ,Chirayinkeezh,Thiruvananthapuram(P),"Attingal *
",Chirayinkeezhu,Government,  1 - 4,04702620503 ,  ,Location map
154,153,LP:42303, Govt. L P S Andoor ,Chirayinkeezh,Thiruvananthapuram(P),"Attingal *
",Chirayinkeezhu,Government,  1 - 4,627026 ,  ,Location map
155,154,LP:42304, Govt. L P S Attingal ,,Attingal(M),"Attingal *
",Attingal,Government,  1 - 5,04702623726 ,  ,Location map
156,155,LP:42305, Govt. L P S Melattingal ,,Attingal(M),"Attingal *
",Attingal,Government,  1 - 5,8281624869 ,  ,Location map
157,156,LP:42306, Govt. L P S Melkadakkavur ,Chirayinkeezh,Thiruvananthapuram(P),"Attingal *
",Chirayinkeezhu,Government,  1 - 5,04702620293 ,  ,Location map
158,157,LP:42307, Govt.L P S Elampa ,Chirayinkeezh,Thiruvananthapuram(P),"Attingal *
",Chirayinkeezhu,Government,  1 - 4,2639555 ,  ,Location map
159,158,LP:42308, Govt. L P S Alamcode ,,Attingal(M),"Attingal *
",Attingal,Government,  1 - 4,9745453776 ,  ,Location map
160,159,LP:42309, Govt. L P S Madathuvathukkal ,Vamanapuram,Thiruvananthapuram(P),"Attingal *
",Vamanapuram,Government,  1 - 4,2821561 ,  ,Location map
161,160,LP:42310, P T M L P S Kumpalathumpara ,Vamanapuram,Thiruvananthapuram(P),"Attingal *
",Attingal,Aided,  1 - 4,9946152978 ,  ,Location map
162,161,LP:42311, Govt. L P S Njekkad ,Varkala,Thiruvananthapuram(P),"Attingal *
",Attingal,Government,  1 - 4,04702694171 ,  ,Location map
163,162,LP:42312, Govt. L P S Mullaramcode ,Varkala,Thiruvananthapuram(P),"Attingal *
",Attingal,Government,  1 - 4,04702691515 ,  ,Location map
164,163,LP:42313, Govt. L P S Ottoor ,Varkala,Thiruvananthapuram(P),"Attingal *
",Attingal,Government,  1 - 4,04702688245 ,  ,Location map
165,164,LP:42314, R M L P S Mananakku ,Varkala,Thiruvananthapuram(P),"Attingal *
",Attingal,Aided,  1 - 4,9447075091 ,  ,Location map
166,165,LP:42315, A M L P S Perumkulam ,Chirayinkeezh,Thiruvananthapuram(P),"Attingal *
",Chirayinkeezhu,Aided,  1 - 4,04702687469 ,  ,Location map
167,166,LP:42316, Govt. L P S Kulamuttom ,Varkala,Thiruvananthapuram(P),"Attingal *
",Attingal,Government,  1 - 4,9539022342 ,  ,Location map
168,167,LP:42317, St.Sebastian's L P S Moongode ,Varkala,Thiruvananthapuram(P),"Attingal *
",Varkala,Aided,  1 - 4,04702640234 ,  ,Location map
169,168,LP:42318," Panchayath. L P S Pullampara, Panayam ",Vamanapuram,Thiruvananthapuram(P),"Attingal *
",Vamanapuram,Government,  1 - 4,04722820221 ,  ,Location map
170,169,LP:42319, Panchayath LPS Mudakkal Valakkadu ,Chirayinkeezh,Thiruvananthapuram(P),"Attingal *
",Attingal,Government,  1 - 4,04702639979 ,  ,Location map
171,170,LP:42320, Govt. L P S Paravoorkonam ,,Attingal(M),"Attingal *
",Attingal,Government,  1 - 5,9447245898 ,  ,Location map
172,171,LP:42321, Govt. L P S Edacode ,Chirayinkeezh,Thiruvananthapuram(P),"Attingal *
",Chirayinkeezhu,Government,  1 - 4,04702633998 ,  ,Location map
173,172,LP:42322, Govt. L P S Poovanathummood ,Vamanapuram,Thiruvananthapuram(P),"Attingal *
",Vamanapuram,Government,  1 - 5,04722837848 ,  ,Location map
174,173,LP:42323, Govt. L P S Chempoor ,Chirayinkeezh,Thiruvananthapuram(P),"Attingal *
",Chirayinkeezhu,Government,  1 - 4,2638708 ,  ,Location map
175,174,LP:42324, Govt. L P S Perumala ,Vamanapuram,Thiruvananthapuram(P),"Attingal *
",Vamanapuram,Government,  1 - 4,2828090 ,  ,Location map
176,175,LP:42325, Govt. L P S Vellumannady ,Vamanapuram,Thiruvananthapuram(P),"Attingal *
",Vamanapuram,Government,  1 - 4,8547172931 ,  ,Location map
177,176,LP:42326, Govt. L P S Koonthalloor ,Chirayinkeezh,Thiruvananthapuram(P),"Attingal *
",Chirayinkeezhu,Government,  1 - 4,04702640926 ,  ,Location map
178,177,LP:42327, S C V L P S Chirayinkeezhu ,Chirayinkeezh,Thiruvananthapuram(P),"Attingal *
",Chirayinkeezhu,Aided,  1 - 4,04702640036 ,  ,Location map
179,178,LP:42328, Govt. L P S Aryavilasom ,Chirayinkeezh,Thiruvananthapuram(P),"Attingal *
",Chirayinkeezhu,Government,  1 - 4,04702640626 ,  ,Location map
180,179,LP:42329, St. Veronica`s L P S Chirayinkeezhu ,Chirayinkeezh,Thiruvananthapuram(P),"Attingal *
",Chirayinkeezhu,Aided,  1 - 4,04702143082 ,  ,Location map
181,180,LP:42330, St. Alosious L P S Chirayinkeezhu ,Chirayinkeezh,Thiruvananthapuram(P),"Attingal *
",Chirayinkeezhu,Aided,  1 - 4,9895334913 ,  ,Location map
182,181,LP:42331, Govt. L P S Perumathura ,Chirayinkeezh,Thiruvananthapuram(P),"Attingal *
",Chirayinkeezhu,Government,  1 - 5,04712428961 ,  ,Location map
183,182,LP:42332, Govt. L P S Perunguzhy ,Pothencode,Thiruvananthapuram(P),"Attingal *
",Chirayinkeezhu,Government,  1 - 4,04702636823 ,  ,Location map
184,183,LP:42333, Govt. L P S Padanilam ,Chirayinkeezh,Thiruvananthapuram(P),"Attingal *
",Chirayinkeezhu,Government,  1 - 4,04702643894 ,  ,Location map
185,184,LP:42334, J M L P S Parameswaram ,Vamanapuram,Thiruvananthapuram(P),"Attingal *
",Vamanapuram,Aided,  1 - 4,04722870244 ,  ,Location map
186,185,LP:42335, Govt. LPS Melattumoozhy ,Vamanapuram,Thiruvananthapuram(P),"Attingal *
",Vamanapuram,Government,  1 - 5,04722180538 ,  ,Location map
187,186,LP:42336, Govt LPS Nedumkaitha ,Vamanapuram,Thiruvananthapuram(P),"Attingal *
",Vamanapuram,Government,  1 - 4,04722820047 ,  ,Location map
188,187,LP:42337, Govt. L P S Mukkudil ,Vamanapuram,Thiruvananthapuram(P),"Attingal *
",Vamanapuram,Government,  1 - 4,04722828771 ,  ,Location map
189,188,UP:42338, Govt. U P S Venjaramoodu ,Vamanapuram,Thiruvananthapuram(P),"Attingal *
",Vamanapuram,Government,  1 - 7,04722873590 ,  ,Location map
190,189,UP:42339, U P S Kunnuvaram ,,Attingal(M),"Attingal *
",Attingal,Aided,  1 - 7,04702628259 ,  ,Location map
191,190,UP:42340, Y L M U P S Keezhattingal ,Chirayinkeezh,Thiruvananthapuram(P),"Attingal *
",Chirayinkeezhu,Aided,  5 -7,9447863628 ,  ,Location map
192,191,UP:42341, Govt. B V U P S Keezhattingal ,Chirayinkeezh,Thiruvananthapuram(P),"Attingal *
",Chirayinkeezhu,Government,  1 - 7,04702620881 ,  ,Location map
193,192,UP:42343, Govt. U P S Alanthara ,Vamanapuram,Thiruvananthapuram(P),"Attingal *
",Vamanapuram,Government,  1 - 7,04722870729 ,  ,Location map
194,193,UP:42344, Govt.Town UPS Attingal ,,Attingal(M),"Attingal *
",Attingal,Government,  1 - 7,04702623019 ,  ,Location map
195,194,UP:42345, D A M U P S Edacode ,Chirayinkeezh,Thiruvananthapuram(P),"Attingal *
",Chirayinkeezhu,Aided,  5 -7,8281618216 ,  ,Location map
196,195,UP:42347, P T M U P S Chencherikonam ,Varkala,Thiruvananthapuram(P),"Attingal *
",Attingal,Aided,  5 -7,04702624563 ,  ,Location map
197,196,UP:42348, K G S U P S Ottoor ,Varkala,Thiruvananthapuram(P),"Attingal *
",Attingal,Aided,  5 -7,9895824543 ,  ,Location map
198,197,UP:42349, Govt. U P S Sreenarayanapuram ,Varkala,Thiruvananthapuram(P),"Attingal *
",Attingal,Government,  1 - 7,04702795735 ,  ,Location map
199,198,UP:42350, Govt. U P S Manamboor ,Varkala,Thiruvananthapuram(P),"Attingal *
",Attingal,Government,  1 - 7,000000 ,  ,Location map
200,199,UP:42351, Govt. U P S Nellandu ,Vamanapuram,Thiruvananthapuram(P),"Attingal *
",Vamanapuram,Government,  1 - 7,04722837019 ,  ,Location map
201,200,UP:42352, K V U P S Vellumannady ,Vamanapuram,Thiruvananthapuram(P),"Attingal *
",Nedumangad,Aided,  5 -7,04722870326 ,  ,Location map
202,201,UP:42353, R M U P S Vayyakkavu ,Vamanapuram,Thiruvananthapuram(P),"Attingal *
",Vamanapuram,Aided,  5 -7,04722821006 ,  ,Location map
203,202,UP:42354, Govt. U P S Palavila ,Chirayinkeezh,Thiruvananthapuram(P),"Attingal *
",Chirayinkeezhu,Government,  1 - 7,04702640821 ,  ,Location map
204,203,UP:42355, Govt. U P S Chirayinkeezhu ,Chirayinkeezh,Thiruvananthapuram(P),"Attingal *
",Chirayinkeezhu,Government,  1 - 7,04702640766 ,  ,Location map
205,204,UP:42356, Govt. S V U P S Puravoor ,Chirayinkeezh,Thiruvananthapuram(P),"Attingal *
",Chirayinkeezhu,Government,  1 - 7,04702625622 ,  ,Location map
206,205,UP:42357, G V R M U P S Kizhuvilam ,Chirayinkeezh,Thiruvananthapuram(P),"Attingal *
",Chirayinkeezhu,Aided,  1 - 7,8547027046 ,  ,Location map
207,206,UP:42358, Govt. U P S Kizhuvilam ,Chirayinkeezh,Thiruvananthapuram(P),"Attingal *
",Chirayinkeezhu,Government,  1 - 7,04702645494 ,  ,Location map
208,207,UP:42359, Govt. U P S Mudapuram ,Chirayinkeezh,Thiruvananthapuram(P),"Attingal *
",Chirayinkeezhu,Government,  1 - 7,04702641632 ,  ,Location map
209,208,UP:42360, Govt. U P S Pillayarkulam ,Chirayinkeezh,Thiruvananthapuram(P),"Attingal *
",Chirayinkeezhu,Government,  1 - 7,04702642665 ,  ,Location map
210,209,UP:42361, V P U P S Azhoor ,Kazhakuttom,Thiruvananthapuram(P),"Attingal *
",Chirayinkeezhu,Aided,  5 -7,04702636145 ,  ,Location map
211,210,UP:42362, S I U P S Madanvila ,Chirayinkeezh,Thiruvananthapuram(P),"Attingal *
",Chirayinkeezhu,Aided,  5 -7,04712428550 ,  ,Location map
212,211,UP:42363, Govt. U P S Anathalavattom ,Chirayinkeezh,Thiruvananthapuram(P),"Attingal *
",Chirayinkeezhu,Government,  1 - 7,9995950837 ,  ,Location map
213,212,UP:42364, Govt. U P S Mathasserikonam ,Chirayinkeezh,Thiruvananthapuram(P),"Attingal *
",Chirayinkeezhu,Government,  1 - 7,04702636826 ,  ,Location map
214,213,UP:42365, M G M U P S Edacode ,Chirayinkeezh,Thiruvananthapuram(P),"Attingal *
",Chirayinkeezhu,Aided,  5 -7,04702631409 ,  ,Location map
215,214,UP:42366, DIET Attingal ,,Attingal(M),"Attingal *
",Attingal,Government,  1 - 7,04702622589 ,  ,Location map
216,215,LP:42367, Amritha Model E M School AttingaL ,,Attingal(M),"Attingal *
",Attingal,Unaided Recognised,  1 - 4,9447378792 ,  ,Not Available
217,216,UP:42368, Angel Montessori School Manamboor ,Varkala,Thiruvananthapuram(P),"Attingal *
",Varkala,Unaided Recognised,  1 - 7,04702691333 ,  ,Not Available
218,217,UP:42369, Azhoor Bhagavathy E M School Azhoor ,Chirayinkeezh,Thiruvananthapuram(P),"Attingal *
",Chirayinkeezhu,Unaided Recognised,  1 - 7,04702643964 ,  ,Not Available
219,218,LP:42371, Rehmania E M School Manickal ,Vamanapuram,Thiruvananthapuram(P),"Attingal *
",Vamanapuram,Unaided Recognised,  1 - 4,04722873500 ,  ,Not Available
220,219,UP:42372, Sadanathil school Manamboor ,Varkala,Thiruvananthapuram(P),"Attingal *
",Attingal,Unaided Recognised,  1 - 7,9995880709 ,  ,Not Available
221,220,HS:42373, Salini Bhavan E M School Vamanapuram ,Vamanapuram,Thiruvananthapuram(P),"Attingal *
",Vamanapuram,Unaided Recognised,  1 -10,04722837153 ,  ,Not Available
222,221,LP:42374," Model Public School,Anakuzhy ",Vamanapuram,Thiruvananthapuram(P),"Attingal *
",Vamanapuram,Unaided Recognised,  1 - 4,9846907857 ,  ,Not Available
223,222,HS:42375," Indian School AL Seeb, Muscat ",,Attingal(M),"Attingal *
",Attingal,Unaided Recognised,  1 -10,8113025439 ,  ,Not Available
224,223,LP:42401, Govt. LPS Adayamon ,Kilimanoor,Thiruvananthapuram(P),"Attingal *
",Attingal,Government,  1 - 4,04702648032 ,  ,Location map
225,224,LP:42402, Govt L P S Kattapparambu ,Kilimanoor,Thiruvananthapuram(P),"Attingal *
",Attingal,Government,  1 - 4,9447326909 ,  ,Location map
226,225,LP:42403, Govt LPS Kilimanoor ,Kilimanoor,Thiruvananthapuram(P),"Attingal *
",Attingal,Government,  1 - 4,04702675199 ,  ,Location map
227,226,LP:42404, Govt. VV LPS Kilimanoor ,Kilimanoor,Thiruvananthapuram(P),"Attingal *
",Attingal,Government,  1 - 4,04702674207 ,  ,Location map
228,227,LP:42405, Govt. LPS Kizhakkanela ,Kilimanoor,Thiruvananthapuram(P),"Attingal *
",Varkala,Government,  1 - 4,9744611976 ,  ,Location map
229,228,LP:42406, Govt. LPS Kuttimoodu ,Kilimanoor,Thiruvananthapuram(P),"Attingal *
",Attingal,Government,  1 - 4,04722860431 ,  ,Location map
230,229,LP:42407, Govt. LPS Madavoor ,Kilimanoor,Thiruvananthapuram(P),"Attingal *
",Varkala,Government,  1 - 4,04702682244 ,  ,Location map
231,230,LP:42408, Govt. CNPS LPS Madavoor ,Kilimanoor,Thiruvananthapuram(P),"Attingal *
",Varkala,Government,  1 - 4,04702681400 ,  ,Location map
232,231,LP:42409, Govt. LPS Moothala ,Kilimanoor,Thiruvananthapuram(P),"Attingal *
",Varkala,Government,  1 - 4,04702681115 ,  ,Location map
233,232,LP:42410, Govt. VS LPS Nagaroor ,Kilimanoor,Thiruvananthapuram(P),"Attingal *
",Attingal,Government,  1 - 4,04702678864 ,  ,Location map
234,233,LP:42411, Govt. LPS Navaikulam ,Kilimanoor,Thiruvananthapuram(P),"Attingal *
",Varkala,Government,  1 - 4,04702690275 ,  ,Location map
235,234,LP:42412, Govt MLPS Navaikulam ,Kilimanoor,Thiruvananthapuram(P),"Attingal *
",Varkala,Government,  1 - 4,9995342246 ,  ,Location map
236,235,LP:42413, Govt. LPS Pakalkuri ,Kilimanoor,Thiruvananthapuram(P),"Attingal *
",Varkala,Government,  1 - 4,04702685060 ,  ,Location map
237,236,LP:42414, Govt. LPS Panappamkunnu ,Kilimanoor,Thiruvananthapuram(P),"Attingal *
",Attingal,Government,  1 - 4,04702652994 ,  ,Location map
238,237,LP:42415, Govt. LPS Pappala ,Kilimanoor,Thiruvananthapuram(P),"Attingal *
",Attingal,Government,  1 - 4,04702671847 ,  ,Location map
239,238,LP:42416, Govt. LPS Pedikulam ,Kilimanoor,Thiruvananthapuram(P),"Attingal *
",Attingal,Government,  1 - 4,04702836087 ,  ,Location map
240,239,LP:42417, Govt. LPS Pulimath ,Kilimanoor,Thiruvananthapuram(P),"Attingal *
",Attingal,Government,  1 - 4,04702836036 ,  ,Location map
241,240,LP:42418, Govt. LPS Puliyoorkonam ,Kilimanoor,Thiruvananthapuram(P),"Attingal *
",Varkala,Government,  1 - 4,04702682525 ,  ,Location map
242,241,LP:42419, Govt. LPS Pullayil ,Kilimanoor,Thiruvananthapuram(P),"Attingal *
",Attingal,Government,  1 - 4,04702675575 ,  ,Location map
243,242,LP:42420, Govt. LPS Puthumangalam ,Kilimanoor,Thiruvananthapuram(P),"Attingal *
",Attingal,Government,  1 - 4,04702652050 ,  ,Location map
244,243,LP:42421, Govt. LPS Thottakkad ,Kilimanoor,Thiruvananthapuram(P),"Attingal *
",Attingal,Government,  1 - 4,04702692232 ,  ,Location map
245,244,LP:42422, Govt. LPS Vellalloor ,Kilimanoor,Thiruvananthapuram(P),"Attingal *
",Attingal,Government,  1 - 4,04702670591 ,  ,Location map
246,245,LP:42423, Govt. LPS Vettiyara ,Kilimanoor,Thiruvananthapuram(P),"Attingal *
",Varkala,Government,  1 - 4,9495333908 ,  ,Location map
247,246,LP:42424, LM LPS Arivarikuzhy ,Kilimanoor,Thiruvananthapuram(P),"Attingal *
",Attingal,Aided,  1 - 4,9497642844 ,  ,Location map
248,247,LP:42425, PVLPS Kailasamkunnu ,Kilimanoor,Thiruvananthapuram(P),"Attingal *
",Attingal,Aided,  1 - 4,9946990875 ,  ,Location map
249,248,LP:42426, MLPS Madanthapacha ,Kilimanoor,Thiruvananthapuram(P),"Attingal *
",Attingal,Aided,  1 - 4,9446110326 ,  ,Location map
250,249,LP:42427, KCM LPS Navaikulam ,Kilimanoor,Thiruvananthapuram(P),"Attingal *
",Varkala,Aided,  1 - 4,04712693144 ,  ,Location map
251,250,LP:42428, SNV LPS Navaikulam ,Kilimanoor,Thiruvananthapuram(P),"Attingal *
",Varkala,Aided,  1 - 4,04702690030 ,  ,Location map
252,251,LP:42429, MLPS Njarayilkonam ,Kilimanoor,Thiruvananthapuram(P),"Attingal *
",Varkala,Aided,  1 - 4,9447903713 ,  ,Location map
253,252,LP:42430, DVLPS Paiveli ,Kilimanoor,Thiruvananthapuram(P),"Attingal *
",Varkala,Aided,  1 - 4,04702681756 ,  ,Location map
254,253,LP:42431, MGM LPS Parakunnu ,Kilimanoor,Thiruvananthapuram(P),"Attingal *
",Varkala,Aided,  1 - 4,9495077804 ,  ,Location map
255,254,LP:42432, DVLPS Pavalla ,Kilimanoor,Thiruvananthapuram(P),"Attingal *
",Attingal,Aided,  1 - 4,9497878488 ,  ,Location map
256,255,LP:42433, SVLPS Tholikuzhy ,Kilimanoor,Thiruvananthapuram(P),"Attingal *
",Attingal,Aided,  1 - 4,9961247383 ,  ,Location map
257,256,LP:42434, LMLPS Melporunthamon ,Kilimanoor,Thiruvananthapuram(P),"Attingal *
",Attingal,Aided,  1 - 4,9446101124 ,  ,Location map
258,257,LP:42435, Govt. LPS Aroor ,Kilimanoor,Thiruvananthapuram(P),"Attingal *
",Attingal,Government,  1 - 5,04702651010 ,  ,Location map
259,258,LP:42436, Govt MLPS Kudavoor ,Kilimanoor,Thiruvananthapuram(P),"Attingal *
",Varkala,Government,  1 - 5,04702681326 ,  ,Location map
260,259,LP:42437, Govt. LPS Mevarkal ,Kilimanoor,Thiruvananthapuram(P),"Attingal *
",Attingal,Government,  1 - 5,04702679650 ,  ,Location map
261,260,LP:42438, Govt. LPS Parakkulam ,Kilimanoor,Thiruvananthapuram(P),"Attingal *
",Attingal,Government,  1 - 5,04702616030 ,  ,Location map
262,261,UP:42439, Govt. UPS Vanchiyoor ,Kilimanoor,Thiruvananthapuram(P),"Attingal *
",Attingal,Government,  1 - 7,04702677577 ,  ,Location map
263,262,UP:42440, Govt. Town UPS Kilimanoor ,Kilimanoor,Thiruvananthapuram(P),"Attingal *
",Attingal,Government,  1 - 7,04702675925 ,  ,Location map
264,263,UP:42441, Govt. UPS Peroor Vadassery ,Kilimanoor,Thiruvananthapuram(P),"Attingal *
",Attingal,Government,  1 - 7,04702651162 ,  ,Location map
265,264,UP:42443, Gurudev UPS Darsanavattam ,Kilimanoor,Thiruvananthapuram(P),"Attingal *
",Attingal,Aided,  1 - 7,04702679971 ,  ,Location map
266,265,UP:42444, SNV U P S Kattuputhussery ,Kilimanoor,Thiruvananthapuram(P),"Attingal *
",Varkala,Aided,  1 - 7,9446866445 ,  ,Location map
267,266,UP:42445, BVUPS Navaikulam ,Kilimanoor,Thiruvananthapuram(P),"Attingal *
",Varkala,Aided,  1 - 7,9495473379 ,  ,Location map
268,267,UP:42446, MMUPS Peroor ,Kilimanoor,Thiruvananthapuram(P),"Attingal *
",Attingal,Aided,  1 - 7,04702694297 ,  ,Location map
269,268,UP:42447, SNUPS Thevalakkad ,Kilimanoor,Thiruvananthapuram(P),"Attingal *
",Attingal,Aided,  1 - 7,04702696216 ,  ,Location map
270,269,UP:42448, Nalanda Public School Vettiyara ,Kilimanoor,Thiruvananthapuram(P),"Attingal *
",Varkala,Unaided Recognised,  1 - 7,9567653324 ,  ,Not Available
271,270,UP:42449, RoseDale EM School Kallambalam ,Kilimanoor,Thiruvananthapuram(P),"Attingal *
",Varkala,Unaided Recognised,  1 - 7,04702693476 ,  ,Not Available
272,271,UP:42450, UPS Adayamon ,Kilimanoor,Thiruvananthapuram(P),"Attingal *
",Attingal,Aided,  5 -7,04702648915 ,  ,Location map
273,272,UP:42451, R M UPS Kallarakkonam ,Kilimanoor,Thiruvananthapuram(P),"Attingal *
",Varkala,Aided,  5 -7,9495280760 ,  ,Location map
274,273,UP:42452, Special UPS Kilimanoor ,Kilimanoor,Thiruvananthapuram(P),"Attingal *
",Attingal,Aided,  1 - 7,9539897936 ,  ,Location map
275,274,UP:42453, CNPS UPS Madavoor ,Kilimanoor,Thiruvananthapuram(P),"Attingal *
",Varkala,Aided,  5 -7,9746725600 ,  ,Location map
276,275,UP:42454, Govt. UPS Manjappara ,Kilimanoor,Thiruvananthapuram(P),"Attingal *
",Attingal,Government,  5 -7,04722860010 ,  ,Location map
277,276,UP:42455, SNV UPS Pulimath ,Kilimanoor,Thiruvananthapuram(P),"Attingal *
",Attingal,Aided,  5 -7,04702674686 ,  ,Location map
278,277,UP:42456, UPS Pulimath ,Kilimanoor,Thiruvananthapuram(P),"Attingal *
",Attingal,Aided,  5 -7,04702836259 ,  ,Location map
279,278,UP:42457, SVUPS Puliyoorkonam ,Kilimanoor,Thiruvananthapuram(P),"Attingal *
",Varkala,Aided,  5 -7,9447429129 ,  ,Location map
280,279,UP:42458, SKV UPS Pullayil ,Kilimanoor,Thiruvananthapuram(P),"Attingal *
",Attingal,Aided,  5 -7,9497782850 ,  ,Location map
281,280,UP:42459, PVUPS Puthumangalam ,Kilimanoor,Thiruvananthapuram(P),"Attingal *
",Attingal,Aided,  5 -7,9745276655 ,  ,Location map
282,281,UP:42460, MGUPS Thottakkad ,Kilimanoor,Thiruvananthapuram(P),"Attingal *
",Attingal,Aided,  5 -7,04702991842 ,  ,Location map
283,282,UP:42461, VUPS Vellalloor ,Kilimanoor,Thiruvananthapuram(P),"Attingal *
",Attingal,Aided,  5 -7,04702674475 ,  ,Location map
284,283,LP:42464, Ideal English school Njarayilkonam ,Kilimanoor,Thiruvananthapuram(P),"Attingal *
",Varkala,Unaided Recognised,  1 - 5,04702682085 ,  ,Not Available
285,284,LP:42465," SISUVIHAR EM School, Kilimanoor ",Kilimanoor,Thiruvananthapuram(P),"Attingal *
",Attingal,Unaided Recognised,  1 - 4,04702675517 ,  ,Not Available
286,285,HS:42501, TECHNICAL HS NEDUMANGAD ,,Nedumangad(M),"Attingal *
",Nedumangad,Government,  8 - 12,04722812686 ,  ,Location map
287,286,LP:42502, Govt. LPS Aruvikkara ,Nedumangad,Thiruvananthapuram(P),"Attingal *
",Aruvikkara,Government,  1 - 4,04722889498 ,  ,Location map
288,287,LP:42503, Govt. LPS Aryanad ,Vellanad,Thiruvananthapuram(P),"Attingal *
",Aruvikkara,Government,  1 - 4,04722854055 ,  ,Location map
289,288,LP:42504, Govt. LPS Changa ,Vellanad,Thiruvananthapuram(P),"Attingal *
",Aruvikkara,Government,  1 - 4,04722884545 ,  ,Location map
290,289,LP:42505, Govt. L P S Chullimanoor ,Nedumangad,Thiruvananthapuram(P),"Attingal *
",Vamanapuram,Government,  1 - 4, ,  ,Location map
291,290,LP:42506, Govt. LPS Chellamcode ,,Nedumangad(M),"Attingal *
",Nedumangad,Government,  1 - 4,04722814555 ,  ,Location map
292,291,LP:42507, Govt. WLPS Enchapuri ,Vellanad,Thiruvananthapuram(P),"Attingal *
",Aruvikkara,Government,  1 - 4,9446073031 ,  ,Location map
293,292,LP:42508, Govt. LPS Kalathukal ,Nedumangad,Thiruvananthapuram(P),"Attingal *
",Aruvikkara,Government,  1 - 4,9496154929 ,  ,Location map
294,293,LP:42509, Govt. LPBS Karakulam ,Nedumangad,Thiruvananthapuram(P),"Attingal *
",Nedumangad,Government,  1 - 4,04712370103 ,  ,Location map
295,294,LP:42510, Govt. LPS Kolla ,Nedumangad,Thiruvananthapuram(P),"Attingal *
",Vamanapuram,Government,  1 - 4,04722866958 ,  ,Location map
296,295,LP:42511, Govt. LPS Kuzhivila ,Nedumangad,Thiruvananthapuram(P),"Attingal *
",Vamanapuram,Government,  1 - 4,04722805152 ,  ,Location map
297,296,LP:42512, Govt. LPS Mukkolackal ,Nedumangad,Thiruvananthapuram(P),"Attingal *
",Nedumangad,Government,  1 - 4,9562302731 ,  ,Location map
298,297,LP:42513, Govt. TLPS Mundela ,Vellanad,Thiruvananthapuram(P),"Attingal *
",Aruvikkara,Government,  1 - 4,04722898044 ,  ,Location map
299,298,LP:42514, Govt. LPS Nedumangad ,,Nedumangad(M),"Attingal *
",Nedumangad,Government,  1 - 4,04722801822 ,  ,Location map
300,299,LP:42515, Govt. LPS Panavoor ,Nedumangad,Thiruvananthapuram(P),"Attingal *
",Vamanapuram,Government,  1 - 4,2867490 ,  ,Location map
301,300,LP:42516, Govt. LPS Panayamuttam ,Nedumangad,Thiruvananthapuram(P),"Attingal *
",Vamanapuram,Government,  1 - 4,04722867788 ,  ,Location map
302,301,LP:42517, Govt. LPS Parantode ,Vellanad,Thiruvananthapuram(P),"Attingal *
",Aruvikkara,Government,  1 - 4,04722891400 ,  ,Location map
303,302,LP:42518, Govt. LPS Paruthikkuzhi ,Vellanad,Thiruvananthapuram(P),"Attingal *
",Aruvikkara,Government,  1 - 4,04722898270 ,  ,Location map
304,303,LP:42519, Govt. LPS Pazhakutty ,,Nedumangad(M),"Attingal *
",Nedumangad,Government,  1 - 4,8086625977 ,  ,Location map
305,304,LP:42520, Govt. LPS Pazhayatheruvu ,Vellanad,Thiruvananthapuram(P),"Attingal *
",Aruvikkara,Government,  1 - 4,04722851163 ,  ,Location map
306,305,LP:42521, Govt. TLPS Perinjaramoola ,Vellanad,Thiruvananthapuram(P),"Attingal *
",Aruvikkara,Government,  1 - 4,04722882252 ,  ,Location map
307,306,LP:42522, Govt. LPS Poovathoor ,,Nedumangad(M),"Attingal *
",Nedumangad,Government,  1 - 4,04722803138 ,  ,Location map
308,307,LP:42523, Govt. LPS Puthukulangara ,Vellanad,Thiruvananthapuram(P),"Attingal *
",Aruvikkara,Government,  1 - 4,04722898099 ,  ,Location map
309,308,LP:42524, Govt. LPS Sankaramugham ,Vellanad,Thiruvananthapuram(P),"Attingal *
",Aruvikkara,Government,  1 - 4,2882264 ,  ,Location map
310,309,LP:42525, Govt. TLPS Theviyarukunnu ,Vellanad,Thiruvananthapuram(P),"Attingal *
",Aruvikkara,Government,  1 - 4,04722891036 ,  ,Location map
311,310,LP:42526, Govt. LPS Uriacode ,Vellanad,Thiruvananthapuram(P),"Attingal *
",Aruvikkara,Government,  1 - 4,04722882369 ,  ,Location map
312,311,LP:42527, Govt. LPS Uzhamalackal ,Vellanad,Thiruvananthapuram(P),"Attingal *
",Aruvikkara,Government,  1 - 4,04722898098 ,  ,Location map
313,312,LP:42528, Govt. LPS Vattappara ,Nedumangad,Thiruvananthapuram(P),"Attingal *
",Nedumangad,Government,  1 - 4,04722587844 ,  ,Location map
314,313,LP:42529, Govt. LMALPS Vattappara ,Nedumangad,Thiruvananthapuram(P),"Attingal *
",Nedumangad,Government,  1 - 4,04722587101 ,  ,Location map
315,314,LP:42530, Govt. LPS Veliyanoor ,Vellanad,Thiruvananthapuram(P),"Attingal *
",Aruvikkara,Government,  1 - 4,04722882111 ,  ,Location map
316,315,LP:42531, Govt. LPS Vellanad ,Vellanad,Thiruvananthapuram(P),"Attingal *
",Aruvikkara,Government,  1 - 4,04722883826 ,  ,Location map
317,316,LP:42532, LMLPS Chenamcode ,Nedumangad,Thiruvananthapuram(P),"Attingal *
",Nedumangad,Aided,  1 - 4,9495445240 ,  ,Location map
318,317,LP:42533, L M L P S Chullimanoor ,Nedumangad,Thiruvananthapuram(P),"Attingal *
",Vamanapuram,Aided,  1 - 4,9605325766 ,  ,Location map
319,318,LP:42534, LMLPS Uzhamalackal ,Vellanad,Thiruvananthapuram(P),"Attingal *
",Aruvikkara,Aided,  1 - 4,9495122441 ,  ,Location map
320,319,LP:42535, Panchayath LPS Marangad ,Vellanad,Thiruvananthapuram(P),"Attingal *
",Aruvikkara,Government,  1 - 4,7907236648 ,  ,Location map
321,320,LP:42536, St:Marys LPS Changa ,Vellanad,Thiruvananthapuram(P),"Attingal *
",Aruvikkara,Aided,  1 - 4,8086044174 ,  ,Location map
322,321,LP:42537, Vidyadhiraja LPS Ettamkallu ,Nedumangad,Thiruvananthapuram(P),"Attingal *
",Nedumangad,Aided,  1 - 4,04722812424 ,  ,Location map
323,322,HS:42538, Harvest Mission E M High School Pongode ,Vellanad,Thiruvananthapuram(P),"Attingal *
",Aruvikkara,Unaided Recognised,  1 -10,04722892151 ,  ,Not Available
324,323,HS:42539, Amalagiri Bathany Vidyalaya Kulappada ,Vellanad,Thiruvananthapuram(P),"Attingal *
",Aruvikkara,Unaided Recognised,  1 -10,04722898166 ,  ,Not Available
325,324,LP:42540, Govt. LPS Kokkothamangalam ,Nedumangad,Thiruvananthapuram(P),"Attingal *
",Aruvikkara,Government,  1 - 5,04722800660 ,  ,Location map
326,325,LP:42541, Govt. LPS Kulappada ,Vellanad,Thiruvananthapuram(P),"Attingal *
",Aruvikkara,Government,  1 - 5,04722898800 ,  ,Location map
327,326,LP:42542, Govt. LMALPS Nedumangad ,,Nedumangad(M),"Attingal *
",Nedumangad,Government,  1 - 5,04722812800 ,  ,Location map
328,327,LP:42543, Govt. LPS Velloorkonam ,Nedumangad,Thiruvananthapuram(P),"Attingal *
",Aruvikkara,Government,  1 - 5,04722801600 ,  ,Location map
329,328,LP:42544, LFLPS Kazhunad ,Nedumangad,Thiruvananthapuram(P),"Attingal *
",Nedumangad,Aided,  1 - 5,8848124586 ,  ,Location map
330,329,UP:42545, Govt. UPS Attukal ,Nedumangad,Thiruvananthapuram(P),"Attingal *
",Vamanapuram,Government,  1 - 7,04722865993 ,  ,Location map
331,330,UP:42546, Govt. UPS Azhicode ,Nedumangad,Thiruvananthapuram(P),"Attingal *
",Aruvikkara,Government,  1 - 7,04722887121 ,  ,Location map
332,331,UP:42547, Govt. UPS Edanila ,,Nedumangad(M),"Attingal *
",Nedumangad,Government,  1 - 7,04722878427 ,  ,Location map
333,332,UP:42548, Govt. UPS Karakulam ,Nedumangad,Thiruvananthapuram(P),"Attingal *
",Nedumangad,Government,  1 - 7,04712371449 ,  ,Location map
334,333,UP:42549, Govt. UPS Kazhunad ,Nedumangad,Thiruvananthapuram(P),"Attingal *
",Nedumangad,Government,  1 - 7,04712372786 ,  ,Location map
335,334,UP:42550, Govt. UPS Perayam ,Nedumangad,Thiruvananthapuram(P),"Attingal *
",Vamanapuram,Government,  1 - 7,04722842559 ,  ,Location map
336,335,UP:42551, Govt. UPS Ramapuram ,Nedumangad,Thiruvananthapuram(P),"Attingal *
",Vamanapuram,Government,  1 - 7,04722802814 ,  ,Location map
337,336,UP:42552, Govt. UPS Venkottumukku ,Nedumangad,Thiruvananthapuram(P),"Attingal *
",Nedumangad,Government,  1 - 7,04722587647 ,  ,Location map
338,337,UP:42553, KKVUPS Vettampally ,Nedumangad,Thiruvananthapuram(P),"Attingal *
",Vamanapuram,Aided,  5 -7,9495271594 ,  ,Location map
339,338,UP:42554, Luthergiri UPS Aryanad ,Vellanad,Thiruvananthapuram(P),"Attingal *
",Aruvikkara,Aided,  1 - 7,2853265 ,  ,Location map
340,339,UP:42555, NSS UPS Kokkottela ,Vellanad,Thiruvananthapuram(P),"Attingal *
",Aruvikkara,Aided,  1 - 7,04722851755 ,  ,Location map
341,340,UP:42556, Panchayath UPS Attinpuram ,Nedumangad,Thiruvananthapuram(P),"Attingal *
",Vamanapuram,Government,  1 - 7,04722865083 ,  ,Location map
342,341,UP:42557, S H U P S Chullimanoor ,Nedumangad,Thiruvananthapuram(P),"Attingal *
",Vamanapuram,Aided,  1 - 7,04722848175 ,  ,Location map
343,342,UP:42558, St:TheresasUPS Manickapuram ,Vellanad,Thiruvananthapuram(P),"Attingal *
",Aruvikkara,Aided,  1 - 7,04722898995 ,  ,Location map
344,343,HS:42559, Daleview H S Punalal ,Vellanad,Thiruvananthapuram(P),"Attingal *
",Aruvikkara,Unaided Recognised,  1 -10,04712854650 ,  ,Not Available
345,344,UP:42560, Govt. Town UPS Nedumangad ,,Nedumangad(M),"Attingal *
",Nedumangad,Government,  5 -7,04722813820 ,  ,Location map
346,345,UP:42561, St:Ritas UPS Aruviode ,Nedumangad,Thiruvananthapuram(P),"Attingal *
",Nedumangad,Aided,  5 -7,04712540102 ,  ,Location map
347,346,UP:42562, PSNMUPS Veliyanoor ,Vellanad,Thiruvananthapuram(P),"Attingal *
",Aruvikkara,Aided,  5 -7,047222882301 ,  ,Location map
348,347,UP:42563, Panchayath UPS Parantode ,Vellanad,Thiruvananthapuram(P),"Attingal *
",Aruvikkara,Government,  5 -7,04722891855 ,  ,Location map
349,348,LP:42564, GOVT.L.P.S ANAD ,Nedumangad,Thiruvananthapuram(P),"Attingal *
",Vamanapuram,Government,  1 - 4,9447461725 ,  ,Not Available
350,349,LP:42565, SNEM LPS Uzhamalakkal ,Vellanad,Thiruvananthapuram(P),"Attingal *
",Aruvikkara,Unaided Recognised,  1 - 4,04722898227 ,  ,Not Available
351,350,HS:42567, CHRISTU JYOTHI ENGLISH MEDIUM SCHOOL ,Nedumangad,Thiruvananthapuram(P),"Attingal *
",Vamanapuram,Unaided Recognised,  1 - 12,04722878903 ,  ,Not Available
352,351,LP:42601, Govt. L.P.S. Aruvippuram ,Vamanapuram,Thiruvananthapuram(P),"Attingal *
",Vamanapuram,Government,  1 - 4,04722820268 ,  ,Location map
353,352,LP:42602, Govt. T.S. Adappupara ,Vamanapuram,Thiruvananthapuram(P),"Attingal *
",Vamanapuram,Government,  1 - 4,9539967077 ,  ,Location map
354,353,LP:42603, Govt.L.P.S. Bharathannoor ,Vamanapuram,Thiruvananthapuram(P),"Attingal *
",Vamanapuram,Government,  1 - 4,04722868453 ,  ,Location map
355,354,LP:42604, Govt. L.P.S. Chayam ,Vellanad,Thiruvananthapuram(P),"Attingal *
",Aruvikkara,Government,  1 - 4,04722856066 ,  ,Location map
356,355,LP:42605, Govt. T.S. Chettiampara ,Vellanad,Thiruvananthapuram(P),"Attingal *
",Aruvikkara,Government,  1 - 4,047122891626 ,  ,Location map
357,356,LP:42606, Govt. L.P.S. Devappura ,Vamanapuram,Thiruvananthapuram(P),"Attingal *
",Vamanapuram,Government,  1 - 4,04722845505 ,  ,Location map
358,357,LP:42607, Govt. L.P.S. Kanjirampara ,Vamanapuram,Thiruvananthapuram(P),"Attingal *
",Vamanapuram,Government,  1 - 4,04722863045 ,  ,Location map
359,358,LP:42608, Govt. L.P.S. Kadukkakunnu ,Vellanad,Thiruvananthapuram(P),"Thiruvananthapuram
",Thiruvananthapuram,Government,  1 - 4,04722891155 ,  ,Location map
360,359,LP:42609, Govt. L.P.S. Kanchinada ,Vamanapuram,Thiruvananthapuram(P),"Attingal *
",Vamanapuram,Government,  1 - 4,04722869109 ,  ,Location map
361,360,LP:42610, Govt. L.P.S. Kallar ,Vellanad,Thiruvananthapuram(P),"Attingal *
",Aruvikkara,Government,  1 - 4,0472856426 ,  ,Location map
362,361,LP:42611, Govt. L.P.S. Kollayil ,Vamanapuram,Thiruvananthapuram(P),"Attingal *
",Vamanapuram,Government,  1 - 4,04742443200 ,  ,Location map
363,362,LP:42612, Govt. L.P.S. Karimancode ,Vamanapuram,Thiruvananthapuram(P),"Attingal *
",Vamanapuram,Government,  1 - 4,04722841116 ,  ,Location map
364,363,LP:42613, Govt. L.P.S. Kurumpayam ,Vamanapuram,Thiruvananthapuram(P),"Attingal *
",Vamanapuram,Government,  1 - 4,9745621687 ,  ,Location map
365,364,LP:42614, Govt. L.P.S. Kurupuzha ,Vamanapuram,Thiruvananthapuram(P),"Attingal *
",Vamanapuram,Government,  1 - 4,04722878769 ,  ,Location map
366,365,LP:42615, Govt. T.S. Methotty ,Vellanad,Thiruvananthapuram(P),"Attingal *
",Aruvikkara,Government,  1 - 4,9074560698 ,  ,Location map
367,366,LP:42616, Govt. L.P.S. Muthuvila ,Vamanapuram,Thiruvananthapuram(P),"Attingal *
",Vamanapuram,Government,  1 - 4,04722821975 ,  ,Location map
368,367,LP:42617, Govt. W.S. Maruthamala ,Vellanad,Thiruvananthapuram(P),"Attingal *
",Aruvikkara,Government,  1 - 4,04722856230 ,  ,Location map
369,368,LP:42618, Govt. L.P.S. Pacha ,Vamanapuram,Thiruvananthapuram(P),"Attingal *
",Vamanapuram,Government,  1 - 4,04722841780 ,  ,Location map
370,369,LP:42619, Govt. L.P.S. Palode ,Vamanapuram,Thiruvananthapuram(P),"Attingal *
",Vamanapuram,Government,  1 - 4,04722840206 ,  ,Location map
371,370,LP:42620, Govt. L.P.S. Parappil ,Vamanapuram,Thiruvananthapuram(P),"Attingal *
",Vamanapuram,Government,  1 - 4,2821197 ,  ,Location map
372,371,LP:42621, Govt. L.P.S. Thengumcode ,Vamanapuram,Thiruvananthapuram(P),"Attingal *
",Vamanapuram,Government,  1 - 4,04722821017 ,  ,Location map
373,372,LP:42622, Govt. T.S. Thannimoodu ,Vamanapuram,Thiruvananthapuram(P),"Attingal *
",Vamanapuram,Government,  1 - 4,04742443400 ,  ,Location map
374,373,LP:42623, Govt. T.S. Thalathoothakkavu ,Vellanad,Thiruvananthapuram(P),"Attingal *
",Aruvikkara,Government,  1 - 4,9745870085 ,  ,Location map
375,374,LP:42624, D.B.L.P.S. Pacha ,Vamanapuram,Thiruvananthapuram(P),"Attingal *
",Vamanapuram,Aided,  1 - 4,04722841848 ,  ,Location map
376,375,LP:42625, Panchayat L.P.S. Elavattom ,Vamanapuram,Thiruvananthapuram(P),"Attingal *
",Vamanapuram,Government,  1 - 4,04722840119 ,  ,Location map
377,376,LP:42626, Sreya LPS Eattimoodu ,Vamanapuram,Thiruvananthapuram(P),"Attingal *
",Vamanapuram,Aided,  1 - 4,04722835336 ,  ,Location map
378,377,LP:42627, Modern L.P.S. Manalayam ,Vellanad,Thiruvananthapuram(P),"Attingal *
",Aruvikkara,Aided,  1 - 4,9446848641 ,  ,Location map
379,378,LP:42628, Panchayat L.P.S. Chellanchi ,Vamanapuram,Thiruvananthapuram(P),"Attingal *
",Vamanapuram,Government,  1 - 4,04722841060 ,  ,Location map
380,379,LP:42629, St. Victors L.P.S. Parantode ,Vellanad,Thiruvananthapuram(P),"Attingal *
",Aruvikkara,Aided,  1 - 4,9961257070 ,  ,Location map
381,380,LP:42630, S.K.V.L.P.S. Parapparamukal ,Vamanapuram,Thiruvananthapuram(P),"Attingal *
",Vamanapuram,Aided,  1 - 4,04722835165 ,  ,Location map
382,381,LP:42631, S.N.V.L.P.S. Thumpode ,Vamanapuram,Thiruvananthapuram(P),"Attingal *
",Vamanapuram,Aided,  1 - 4,04722861515 ,  ,Location map
383,382,LP:42632, S.N.L.P.S. Kakkanikkara ,Vamanapuram,Thiruvananthapuram(P),"Attingal *
",Vamanapuram,Aided,  1 - 4,9446657504 ,  ,Location map
384,383,LP:42633, St. George L.P.S. Palode ,Vamanapuram,Thiruvananthapuram(P),"Attingal *
",Vamanapuram,Aided,  1 - 4,9447927406 ,  ,Location map
385,384,LP:42634, S.H.LP.S. Thevanpara ,Vellanad,Thiruvananthapuram(P),"Attingal *
",Aruvikkara,Aided,  1 - 4,04722865214 ,  ,Location map
386,385,LP:42635, S.K.V.L.P.S. Venkattamoodu ,Vamanapuram,Thiruvananthapuram(P),"Attingal *
",Vamanapuram,Aided,  1 - 4,9495718726 ,  ,Location map
387,386,LP:42636, Jawahar L.P.S. Thennoor ,Vamanapuram,Thiruvananthapuram(P),"Attingal *
",Vamanapuram,Government,  1 - 4,04722849133 ,  ,Location map
388,387,LP:42637, K.V.L.P.S. Themala ,Vellanad,Thiruvananthapuram(P),"Attingal *
",Aruvikkara,Aided,  1 - 4,9526272439 ,  ,Location map
389,388,LP:42638, T.K.M.L.P.S. Manthuruthy ,Vamanapuram,Thiruvananthapuram(P),"Attingal *
",Vamanapuram,Aided,  1 - 4,9995377799 ,  ,Location map
390,389,LP:42639, Taj L.P.S. V.K.Poika ,Vamanapuram,Thiruvananthapuram(P),"Attingal *
",Vamanapuram,Aided,  1 - 4,04722869763 ,  ,Location map
391,390,LP:42640, Iqbal E.M.L.P.S. Devappura ,Vamanapuram,Thiruvananthapuram(P),"Attingal *
",Vamanapuram,Unaided Recognised,  1 - 4,04722849301 ,  ,Not Available
392,391,LP:42641, Govt. L.P.S. Pangode ,Vamanapuram,Thiruvananthapuram(P),"Attingal *
",Vamanapuram,Government,  1 - 5,04722869022 ,  ,Location map
393,392,UP:42643, Govt. U.P.S. Anachal ,Vamanapuram,Thiruvananthapuram(P),"Attingal *
",Vamanapuram,Government,  1 - 7,04722837180 ,  ,Location map
394,393,UP:42646, Govt. U.P.S. Njaraneelikkani ,Vamanapuram,Thiruvananthapuram(P),"Attingal *
",Vamanapuram,Government,  1 - 7,04722845310 ,  ,Location map
395,394,UP:42647, Govt. U.P.S. Paluvally ,Vamanapuram,Thiruvananthapuram(P),"Attingal *
",Vamanapuram,Government,  1 - 7,04722842212 ,  ,Location map
396,395,UP:42648, Govt. U.P.S. Peringammala ,Vamanapuram,Thiruvananthapuram(P),"Attingal *
",Vamanapuram,Government,  1 - 7,04722846467 ,  ,Location map
397,396,UP:42649, Govt. U.P.S. Ponmudi ,Vamanapuram,Thiruvananthapuram(P),"Attingal *
",Vamanapuram,Government,  1 - 7,0472890229 ,  ,Location map
398,397,UP:42650, Govt. U.P.S. Tholicode ,Vellanad,Thiruvananthapuram(P),"Attingal *
",Aruvikkara,Government,  1 - 7,04722856435 ,  ,Location map
399,398,UP:42651, Govt. U.P.S. Vamanapuram ,Vamanapuram,Thiruvananthapuram(P),"Attingal *
",Vamanapuram,Government,  1 - 7,04722837502 ,  ,Location map
400,399,UP:42652, Govt. U.P.S. V.V.Dayini ,Vellanad,Thiruvananthapuram(P),"Attingal *
",Aruvikkara,Government,  1 - 7,04722859441 ,  ,Location map
401,400,UP:42653, Govt. U.P.S. Vithura ,Vellanad,Thiruvananthapuram(P),"Attingal *
",Aruvikkara,Government,  1 - 7,04722856204 ,  ,Location map
402,401,UP:42654, U.P.S. Anakudy ,Vamanapuram,Thiruvananthapuram(P),"Attingal *
",Vamanapuram,Government,  1 - 7,0472835170 ,  ,Location map
403,402,UP:42655, St. Josephs U.P.S. Perayam ,Vamanapuram,Thiruvananthapuram(P),"Attingal *
",Vamanapuram,Aided,  1 - 7,04722842931 ,  ,Location map
404,403,UP:42656, U.P.S. Karimancode ,Vamanapuram,Thiruvananthapuram(P),"Attingal *
",Vamanapuram,Aided,  5 -7,9497001936 ,  ,Location map
405,404,UP:42657, Q.A.M.U.P.S. Kochukarikkakam ,Vamanapuram,Thiruvananthapuram(P),"Attingal *
",Vamanapuram,Aided,  5 -7,09846822314 ,  ,Location map
406,405,UP:42658, S.N.U.P.S. Kollayil ,Vamanapuram,Thiruvananthapuram(P),"Attingal *
",Vamanapuram,Aided,  5 -7,04742443935 ,  ,Location map
407,406,UP:42659, S.K.V.U.P.S. Muthuvila ,Vamanapuram,Thiruvananthapuram(P),"Attingal *
",Vamanapuram,Aided,  5 -7,2820101 ,  ,Location map
408,407,UP:42660, K.V.U.P.S. Pangode ,Vamanapuram,Thiruvananthapuram(P),"Attingal *
",Vamanapuram,Aided,  5 -7,04722860460 ,  ,Location map
409,408,UP:42661, Panchayat U.P.S. Thengumcode ,Vamanapuram,Thiruvananthapuram(P),"Attingal *
",Vamanapuram,Government,  5 -7,2820095 ,  ,Location map
410,409,UP:42662, U.P.S. Vinobaniketan ,Vellanad,Thiruvananthapuram(P),"Attingal *
",Aruvikkara,Aided,  5 -7,8281007599 ,  ,Location map
411,410,UP:42664, Nalanda T.T.I. Nanniyode ,Vamanapuram,Thiruvananthapuram(P),"Attingal *
",Vamanapuram,Aided,  1 - 7,04722840244 ,  ,Location map
412,411,UP:42665, A.R.R Public school ,Vellanad,Thiruvananthapuram(P),"Attingal *
",Aruvikkara,Unaided Recognised,  1 - 7,04722878938 ,  ,Not Available
413,412,LP:42666,  MGLC Adipparampu ,Vamanapuram,Thiruvananthapuram(P),"Attingal *
",Vamanapuram,Government,  1 - 4,9744834924 ,  ,Not Available
414,413,LP:42667,  M G L C Pottamavu ,Vamanapuram,Thiruvananthapuram(P),"Attingal *
",Vamanapuram,Government,  1 - 4,9495729048 ,  ,Not Available
415,414,LP:42668,  MGLC Chennillimoodu ,Vamanapuram,Thiruvananthapuram(P),"Attingal *
",Vamanapuram,Government,  1 - 4,9495829135 ,  ,Not Available
416,415,LP:42669,   M G L C   Podiyakala ,Vellanad,Thiruvananthapuram(P),"Attingal *
",Chirayinkeezhu,Government,  1 - 4,9539688350 ,  ,Not Available
417,416,LP:42670,  M G L C  Sasthanada ,Vamanapuram,Thiruvananthapuram(P),"Attingal *
",Vamanapuram,Government,  1 - 4,9447905373 ,  ,Not Available
418,417,HS:43001, St. Augustine`s H. S. Murukkumpuzha ,Pothencode,Thiruvananthapuram(P),"Attingal *
",Chirayinkeezhu,Aided,  5 - 10,04712422320 ,  ,Location map
419,418,HS:43002, Govt. H. S. Veiloor ,Pothencode,Thiruvananthapuram(P),"Attingal *
",Chirayinkeezhu,Government,  1 -10,04712423180 ,  ,Location map
420,419,HS:43003, Govt. V. H. S. S. Pirappancode ,Vamanapuram,Thiruvananthapuram(P),"Attingal *
",Nedumangad,Government,  5 - 12,04722583354 ,  ,Location map
421,420,HS:43004, Govt. H. S. S. Thonnackal ,Kazhakuttom,Thiruvananthapuram(P),"Attingal *
",Chirayinkeezhu,Government,  5 - 12,04712429761 ,  ,Location map
422,421,HS:43005, Muslim H. S. For Boys Kaniyapuram ,Kazhakuttom,Thiruvananthapuram(P),"Attingal *
",Nedumangad,Aided,  5 - 10,04712750648 ,  ,Location map
423,422,HS:43006, Muslim Girls H. S. S. Kaniyapuram ,Kazhakuttom,Thiruvananthapuram(P),"Attingal *
",Nedumangad,Aided,  5 - 12,04712750925 ,  ,Location map
424,423,HS:43007, St. Vincent`s H. S. S. Kaniyapuram ,Kazhakuttom,Thiruvananthapuram(P),"Attingal *
",Chirayinkeezhu,Aided,  8 - 10,04712752633 ,  ,Location map
425,424,HS:43008, Govt. H S S Kazhakuttom ,,Thiruvananthapuram(C),"Thiruvananthapuram
",Kazhakkoottam,Government,  1 - 12,04712418167 ,  ,Location map
426,425,HS:43009, Al-Uthuman E. M. H. S. S. Kazhakuttom ,,Thiruvananthapuram(C),"Thiruvananthapuram
",Thiruvananthapuram,Unaided Recognised,  1 - 12,2418428 ,  ,Not Available
427,426,HS:43010, Pallithura H S S ,,Thiruvananthapuram(C),"Thiruvananthapuram
",Kazhakkoottam,Aided,  1 - 12,2706404 ,  ,Location map
428,427,HS:43011, Our Lady of Mercy H. S. S. Puthukurichi ,Kazhakuttom,Thiruvananthapuram(P),"Thiruvananthapuram
",Kazhakkoottam,Unaided Recognised,  1 - 12,04712428311 ,  ,Not Available
429,428,HS:43012, St. Michael's H S S  Kadinamkulam ,Kazhakuttom,Thiruvananthapuram(P),"Attingal *
",Chirayinkeezhu,Aided,  5 - 12,04712428668 ,  ,Location map
430,429,HS:43013, Govt. Boys H. S. S. Kanniakulangara ,Nedumangad,Thiruvananthapuram(P),"Attingal *
",Nedumangad,Government,  5 - 10,04722832200 ,  ,Location map
431,430,HS:43014, Govt. Girls H. S. S. Kanniakulangara ,Vamanapuram,Thiruvananthapuram(P),"Attingal *
",Nedumangad,Government,  5 - 12,04722832346 ,  ,Location map
432,431,HS:43015," GOVT. H S S, NEDUVELI, KONCHIRA,  VEMBAYAM ",Nedumangad,Thiruvananthapuram(P),"Attingal *
",Nedumangad,Government,  8 - 12,04722832016 ,  ,Location map
433,432,HS:43016, Lourd Mount H. S. Vattappara ,Nedumangad,Thiruvananthapuram(P),"Attingal *
",Nedumangad,Unaided Recognised,  1 - 12,04722585034 ,  ,Not Available
434,433,HS:43017, Govt. H. S. S. AYIROORPPARA ,Kazhakuttom,Thiruvananthapuram(P),"Attingal *
",Nedumangad,Government,  1 - 12,04712419645 ,  ,Location map
435,434,HS:43018, L. V. H. S. Pothencode ,Kazhakuttom,Thiruvananthapuram(P),"Attingal *
",Nedumangad,Aided,  8 - 10,04712419620 ,  ,Location map
436,435,HS:43019, M. V. H. S. S Thundathil ,,Thiruvananthapuram(C),"Thiruvananthapuram
",Kazhakkoottam,Aided,  5 - 12,04712713335 ,  ,Location map
437,436,HS:43020, S. N. V. H. S. Chenkottukonam ,,Thiruvananthapuram(C),"Thiruvananthapuram
",Kazhakkoottam,Unaided Recognised,  1 -10,04712713420 ,  ,Not Available
438,437,HS:43021, Jyothi Nilayam H. S. S. St. Andrews ,Kazhakuttom,Thiruvananthapuram(P),"Attingal *
",Chirayinkeezhu,Unaided Recognised,  5 - 12,04712704296 ,  ,Not Available
439,438,HS:43022, S. N. G. H. S. Chempazhanthy ,,Thiruvananthapuram(C),"Thiruvananthapuram
",Kazhakkoottam,Aided,  5 - 12,04712591425 ,  ,Location map
440,439,HS:43024, Govt. H. S. S. Kulathoor ,,Thiruvananthapuram(C),"Thiruvananthapuram
",Kazhakkoottam,Government,  5 - 12,04712418810 ,  ,Location map
441,440,HS:43025, Holy Trinity Eng. Medium H. S. Kattela ,,Thiruvananthapuram(C),"Thiruvananthapuram
",Thiruvananthapuram,Unaided Recognised,  1 - 12,04712598279 ,  ,Not Available
442,441,HS:43026, Govt. H. S. Sreekariam ,,Thiruvananthapuram(C),"Thiruvananthapuram
",Kazhakkoottam,Government,  1 -10,04712591194 ,  ,Location map
443,442,HS:43027, St. John`s Model H. S. S. Nalanchira ,,Thiruvananthapuram(C),"Thiruvananthapuram
",Kazhakkoottam,Aided,  8 - 12,2530376 ,  ,Location map
444,443,HS:43028, Sarvodaya Vidyalaya Nalanchira ,,Thiruvananthapuram(C),"Thiruvananthapuram
",Vattiyoorkavu,Unaided Recognised,  8 - 10,04712530831 ,  ,Not Available
445,444,HS:43029, G. H. S. Mannanthala ,,Thiruvananthapuram(C),"Thiruvananthapuram
",Kazhakkoottam,Government,  1 -10,04715241819 ,  ,Location map
446,445,HS:43030, St. Thomas H. S. S. Mukkolackal ,,Thiruvananthapuram(C),"Thiruvananthapuram
",Vattiyoorkavu,Unaided Recognised,  5 - 12,2511110 ,  ,Not Available
447,446,HS:43031, St. Goretti's Girls H. S. S. Nalanchira ,,Thiruvananthapuram(C),"Thiruvananthapuram
",Vattiyoorkavu,Aided,  5 - 10,04712532099 ,  ,Location map
448,447,HS:43032, Govt. H. S. Kattachakonam ,,Thiruvananthapuram(C),"Thiruvananthapuram
",Kazhakkoottam,Government,  1 -10,04712530710 ,  ,Location map
449,448,HS:43033, Govt. H. S. S. Medical College ,,Thiruvananthapuram(C),"Thiruvananthapuram
",Kazhakkoottam,Government,  8 - 12,04712443239 ,  ,Location map
450,449,HS:43034, St. Mary`s H. S. S. Pattom ,,Thiruvananthapuram(C),"Thiruvananthapuram
",Vattiyoorkavu,Aided,  5 - 12,04712447395 ,  ,Location map
451,450,HS:43035, Govt. Model Girls H. S. S Pattom ,,Thiruvananthapuram(C),"Thiruvananthapuram
",Vattiyoorkavu,Government,  1 - 12,04712553678 ,  ,Location map
452,451,HS:43036, Govt City V. and H. S. S. P. M. G ,,Thiruvananthapuram(C),"Thiruvananthapuram
",Vattiyoorkavu,Government,  8 - 12,04712303397 ,  ,Location map
453,452,HS:43037, Govt. H. S. Katchani ,,Thiruvananthapuram(C),"Thiruvananthapuram
",Vattiyoorkavu,Government,  1 -10,2369391 ,  ,Location map
454,453,HS:43038, Govt. V And H S S Vattiyoorkave ,,Thiruvananthapuram(C),"Thiruvananthapuram
",Vattiyoorkavu,Government,  5 - 12,04712360524 ,  ,Location map
455,454,HS:43039, P. S. N. M. Govt. H. S. S. Peroorkada ,,Thiruvananthapuram(C),"Thiruvananthapuram
",Vattiyoorkavu,Government,  1 - 12,04712436025 ,  ,Location map
456,455,HS:43040, G. G. H. S. S. Peroorkada ,,Thiruvananthapuram(C),"Thiruvananthapuram
",Vattiyoorkavu,Government,  5 - 12,04712438219 ,  ,Location map
457,456,HS:43041, Concordia L. H. S. S. Peroorkada ,,Thiruvananthapuram(C),"Thiruvananthapuram
",Thiruvananthapuram,Aided,  8 - 12,2438259 ,  ,Location map
458,457,HS:43042, Salvation Army H. S. S. Kawdiar ,,Thiruvananthapuram(C),"Thiruvananthapuram
",Vattiyoorkavu,Aided,  5 - 12,04712315488 ,  ,Location map
459,458,HS:43043, Christ Nagar E. H. S. S. ,,Thiruvananthapuram(C),"Thiruvananthapuram
",Vattiyoorkavu,Unaided Recognised,  5 - 12,2318485 ,  ,Not Available
460,459,HS:43044, Nirmala Bhavan Girls H. S. S. ,,Thiruvananthapuram(C),"Thiruvananthapuram
",Vattiyoorkavu,Unaided Recognised,  1 - 12,04712317772 ,  ,Not Available
461,460,HS:43045, R. K. D. N. S. S. H. S. Sasthamangalam ,,Thiruvananthapuram(C),"Thiruvananthapuram
",Vattiyoorkavu,Aided,  5 - 12,04712724374 ,  ,Location map
462,461,HS:43046, Shree Vidyadhi Raja Vidya Mandir Vellayambalam  ,,Thiruvananthapuram(C),"Thiruvananthapuram
",Thiruvananthapuram,Unaided Recognised,  1 -10,04712729286 ,  ,Not Available
463,462,HS:43047, St. Joseph`s H. S. S. Thiruvananthapuram ,,Thiruvananthapuram(C),"Thiruvananthapuram
",Thiruvananthapuram,Aided,  5 - 12,04712471720 ,  ,Location map
464,463,HS:43048, Holy Angel`s Convent H. S. ,,Thiruvananthapuram(C),"Thiruvananthapuram
",Thiruvananthapuram,Unaided Recognised,  1 - 12,04712476166 ,  ,Not Available
465,464,HS:43050, Govt. Girls V. H. S. S. Pettah ,,Thiruvananthapuram(C),"Thiruvananthapuram
",Thiruvananthapuram,Government,  5 - 12,04712479791 ,  ,Location map
466,465,HS:43051, Govt. H. S. Vanchiyoor ,,Thiruvananthapuram(C),"Thiruvananthapuram
",Thiruvananthapuram,Government,  1 -10,04712460179 ,  ,Location map
467,466,HS:43052, Govt. H. S. S. Pettah ,,Thiruvananthapuram(C),"Thiruvananthapuram
",Thiruvananthapuram,Government,  5 - 12,04712474081 ,  ,Location map
468,467,HS:43053, G. V. Raja Sports School Mylam ,Nedumangad,Thiruvananthapuram(P),"Attingal *
",Aruvikkara,Government,  6-12,04722889100 ,  ,Location map
469,468,HS:43054, St. Mary`s H. S. S. Vettukad ,,Thiruvananthapuram(C),"Thiruvananthapuram
",Thiruvananthapuram,Aided,  5 - 12,04712500935 ,  ,Location map
470,469,HS:43055, N. S. S. H. S. S. Palkulangara ,,Thiruvananthapuram(C),"Thiruvananthapuram
",Thiruvananthapuram,Aided,  5 - 12,04712450381 ,  ,Location map
471,470,HS:43056, Govt. H. S. Karikkakom ,,Thiruvananthapuram(C),"Thiruvananthapuram
",Kazhakkoottam,Government,  1 -10,04712502444 ,  ,Location map
472,471,HS:43057, Fort Boys H. S. ,,Thiruvananthapuram(C),"Thiruvananthapuram
",Thiruvananthapuram,Aided,  5 - 10,04712469697 ,  ,Location map
473,472,HS:43059, Fort Girls Mission H. S. Fort ,,Thiruvananthapuram(C),"Thiruvananthapuram
",Thiruvananthapuram,Aided,  5 - 10,04712451160 ,  ,Location map
474,473,HS:43060, Govt. H. S. Sanskrit Fort ,,Thiruvananthapuram(C),"Thiruvananthapuram
",Thiruvananthapuram,Government,  5 - 10,04712479249 ,  ,Location map
475,474,HS:43061, St. Antony`s H. S. S. Valiyathura ,,Thiruvananthapuram(C),"Thiruvananthapuram
",Thiruvananthapuram,Aided,  8 - 12,2500635 ,  ,Location map
476,475,HS:43062, Haji C. H. M. K. M. H. S. Vallakadavu ,,Thiruvananthapuram(C),"Thiruvananthapuram
",Thiruvananthapuram,Aided,  8 - 12,04712501040 ,  ,Location map
477,476,HS:43063, Govt. Regional Fisheries Techenical H. S. Valiyathura ,,Thiruvananthapuram(C),"Thiruvananthapuram
",Thiruvananthapuram,Government,  8 - 12,04712502813 ,  ,Location map
478,477,HS:43064," St. Roch's High School, Thope ",,Thiruvananthapuram(C),"Thiruvananthapuram
",Thiruvananthapuram,Aided,  5 - 10,2501650 ,  ,Location map
479,478,HS:43065, St. Philomina`s Girls H. S. Poonthura ,,Thiruvananthapuram(C),"Thiruvananthapuram
",Thiruvananthapuram,Aided,  1 -10,04712381285 ,  ,Location map
480,479,HS:43066, St. Thomas H. S. S. Poonthura ,,Thiruvananthapuram(C),"Thiruvananthapuram
",Thiruvananthapuram,Aided,  1 - 12,04712381183 ,  ,Location map
481,480,HS:43067, B. N. V. V. And H. S. S. Thiruvallom ,,Thiruvananthapuram(C),"Thiruvananthapuram
",Nemom,Aided,  5 - 12,04712381675 ,  ,Location map
482,481,HS:43068, V. H. S. S. For Girls Thiruvallom ,,Thiruvananthapuram(C),"Thiruvananthapuram
",Nemom,Aided,  5 - 12,2383275 ,  ,Location map
483,482,HS:43069, Govt. H. S. Vazhamuttom ,,Thiruvananthapuram(C),"Thiruvananthapuram
",Nemom,Government,  1 -10,2481776 ,  ,Location map
484,483,HS:43070, Govt. H. S. S. Kamaleswaram ,,Thiruvananthapuram(C),"Thiruvananthapuram
",Nemom,Government,  1 - 12,04712458806 ,  ,Location map
485,484,HS:43071, Beema Mahin E. M. H. S. Beemapalli ,,Thiruvananthapuram(C),"Thiruvananthapuram
",Thiruvananthapuram,Unaided Recognised,  8 - 12,04712500075 ,  ,Not Available
486,485,HS:43072, Govt. V. And H. S. S. for Girls Manacuad ,,Thiruvananthapuram(C),"Thiruvananthapuram
",Thiruvananthapuram,Government,  5 - 12,04712471459 ,  ,Location map
487,486,HS:43073, Govt. H. S. Kalady ,,Thiruvananthapuram(C),"Thiruvananthapuram
",Nemom,Government,  1 -10,04712344107 ,  ,Location map
488,487,HS:43074, Govt. B H S S Karamana ,,Thiruvananthapuram(C),"Thiruvananthapuram
",Nemom,Government,  5 - 12,04712343529 ,  ,Location map
489,488,HS:43075, Govt. H. S. Pappanamcode ,,Thiruvananthapuram(C),"Thiruvananthapuram
",Nemom,Government,  5 - 10,04712494307 ,  ,Location map
490,489,HS:43076, Govt. G. H. S. S. Karamana ,,Thiruvananthapuram(C),"Thiruvananthapuram
",Nemom,Government,  5 - 12,2343571 ,  ,Location map
491,490,HS:43077, M. M. R. H. S. S. Neeramankara ,,Thiruvananthapuram(C),"Thiruvananthapuram
",Thiruvananthapuram,Unaided Recognised,  1 - 12,04712490969 ,  ,Not Available
492,491,HS:43078, Govt. H. S. S. Punnamoodu ,Nemom,Thiruvananthapuram(P),"Thiruvananthapuram
",Kovalam,Government,  1 - 12,04712400486 ,  ,Location map
493,492,HS:43079, Govt. High School Chalai ,,Thiruvananthapuram(C),"Thiruvananthapuram
",Nemom,Government,  5 - 10,04712456618 ,  ,Location map
494,493,HS:43080, Govt. Model H. S. S. For Boys Chalai ,,Thiruvananthapuram(C),"Thiruvananthapuram
",Thiruvananthapuram,Government,  5 - 12,04712475072 ,  ,Location map
495,494,HS:43081, Govt. Tamil V. And H. S. S. Chalai ,,Thiruvananthapuram(C),"Thiruvananthapuram
",Thiruvananthapuram,Government,  5 - 12,04712476772 ,  ,Location map
496,495,HS:43082, Govt. Central H. S. Attakulangara ,,Thiruvananthapuram(C),"Thiruvananthapuram
",Thiruvananthapuram,Government,  5 - 10,04712474418 ,  ,Location map
497,496,HS:43083, S. M. V. Model H. S. S. Thiruvananthapuram ,,Thiruvananthapuram(C),"Thiruvananthapuram
",Thiruvananthapuram,Government,  5 - 12,04712330395 ,  ,Location map
498,497,HS:43084, Govt. Model B. H. S. S. Thycaud ,,Thiruvananthapuram(C),"Thiruvananthapuram
",Thiruvananthapuram,Government,  5 - 12,04712323641 ,  ,Location map
499,498,HS:43085, Govt. Girls H. S. S. Cottonhill ,,Thiruvananthapuram(C),"Thiruvananthapuram
",Thiruvananthapuram,Government,  5 - 12,04712729591 ,  ,Location map
500,499,HS:43086, Carmel E. M. Girls H. S. S. Vazhuthacaud ,,Thiruvananthapuram(C),"Thiruvananthapuram
",Thiruvananthapuram,Unaided Recognised,  1 - 12,2337025 ,  ,Not Available
501,500,HS:43087, A M H S S Thirumala ,,Thiruvananthapuram(C),"Thiruvananthapuram
",Nemom,Aided,  5 - 12,04712352179 ,  ,Location map
502,501,HS:43088, C. M. G. H. S. Poojappura ,,Thiruvananthapuram(C),"Thiruvananthapuram
",Nemom,Aided,  5 - 12,04712351132 ,  ,Location map
503,502,HS:43089, Chinmaya Vidyalayam Vazhuthacaud ,,Thiruvananthapuram(C),"Thiruvananthapuram
",Thiruvananthapuram,Unaided Recognised,  1 - 12,04712724136 ,  ,Not Available
504,503,HS:43090, Govt. High School Jagathy ,,Thiruvananthapuram(C),"Thiruvananthapuram
",Thiruvananthapuram,Government,  1 -10,04712326498 ,  ,Location map
505,504,HS:43091," Dr.AMMRHSS for Girls, Kattela         ",,Thiruvananthapuram(C),"Thiruvananthapuram
",Kazhakkoottam,Government,  5 - 12,04712597900 ,  ,Location map
506,505,HS:43092, New Indian Model School Dubai UAE ,,Thiruvananthapuram(C),"Thiruvananthapuram
",Thiruvananthapuram,Unaided Recognised,  1 - 12,042824313 ,  ,Not Available
507,506,HS:43093, The New Indian Model School Sharjah ,,Thiruvananthapuram(C),"Thiruvananthapuram
",Thiruvananthapuram,Unaided Recognised,  1 - 12,065228035 ,  ,Not Available
508,507,HS:43094," New Indian H S S Ras Al Khaimah, U.A.E ",,Thiruvananthapuram(C),"Thiruvananthapuram
",Thiruvananthapuram,Unaided Recognised,  1 - 12,0097172283886 ,  ,Not Available
509,508,HS:43095, Gulf Model School Dubai U A E ,,Thiruvananthapuram(C),"Thiruvananthapuram
",Thiruvananthapuram,Unaided Recognised,  1 - 12,042544222 ,  ,Not Available
510,509,HS:43096," The English School, Umm Al Quwain ",,Thiruvananthapuram(C),"Thiruvananthapuram
",Thiruvananthapuram,Unaided Recognised,  1 - 12,0097167649799 ,  ,Not Available
511,510,HS:43097, The Indian School Fujairah U A E ,,Thiruvananthapuram(C),"Thiruvananthapuram
",Thiruvananthapuram,Unaided Recognised,  1 - 12,0097192223441 ,  ,Not Available
512,511,HS:43098, The Model School Abu Dhabi U A E ,,Thiruvananthapuram(C),"Thiruvananthapuram
",Thiruvananthapuram,Unaided Recognised,  1 - 12,0097125527200 ,  ,Not Available
513,512,HS:43101, M E S Indian School Doha Qatar ,,Thiruvananthapuram(C),"Thiruvananthapuram
",Thiruvananthapuram,Unaided Recognised,  8 - 12,0097444572888 ,  ,Not Available
514,513,HS:43102," New Indian Model School  Al Ain,  U A E ",,Thiruvananthapuram(C),"Thiruvananthapuram
",Thiruvananthapuram,Unaided Recognised,  1 - 12,97137811882 ,  ,Not Available
515,514,HS:43103, The New Indian School Umm Al Quwain  ,,Thiruvananthapuram(C),"Thiruvananthapuram
",Thiruvananthapuram,Unaided Recognised,  1 -10,+97167666965 ,  ,Not Available
516,515,HS:43107, Cordova English Medium H. S. S. Ambalathara ,,Thiruvananthapuram(C),"Thiruvananthapuram
",Thiruvananthapuram,Unaided Recognised,  1 - 12,04712383839 ,  ,Not Available
517,516,HS:43109, S A M Govt M R S S Vellayani ,Nemom,Thiruvananthapuram(P),"Thiruvananthapuram
",Kovalam,Government,  5 - 12,04712381601 ,  ,Location map
518,517,HS:43110, Moulana Azad H. S. Channankara ,Kazhakuttom,Thiruvananthapuram(P),"Attingal *
",Chirayinkeezhu,Unaided Recognised,  1 -10,2751594 ,  ,Not Available
519,518,HS:43111, N. S. S. H. S. S. Kesavadasapuram ,,Thiruvananthapuram(C),"Thiruvananthapuram
",Vattiyoorkavu,Aided,  8 - 12,04712542298 ,  ,Location map
520,519,HS:43112, Mary Giri E. M. H. S. Kudappanakkunnu ,,Thiruvananthapuram(C),"Thiruvananthapuram
",Vattiyoorkavu,Unaided Recognised,  8 - 10,04712732724 ,  ,Not Available
521,520,HS:43113, Thunchan Smaraka English Medium  H.S Ayranimuttom ,,Thiruvananthapuram(C),"Thiruvananthapuram
",Nemom,Unaided Recognised,  1 -10,2457479 ,  ,Not Available
522,521,UP:43114, Govt. School For Blind Jagathy ,,Thiruvananthapuram(C),"Thiruvananthapuram
",Thiruvananthapuram,Government,  1 - 7,2328184 ,  ,Not Available
523,522,LP:43116, Govt. T. T. I. Manacaud ,,Thiruvananthapuram(C),"Thiruvananthapuram
",Thiruvananthapuram,Government,  1 - 4,04712473407 ,  ,Location map
524,523,LP:43117, St. Roch`s T. T. I. Thope ,,Thiruvananthapuram(C),"Thiruvananthapuram
",Thiruvananthapuram,Aided,  1 - 4,04712505068 ,  ,Location map
525,524,HS:43137, MYSTICAL ROSE SCHOOL ,,Thiruvananthapuram(C),"Thiruvananthapuram
",Thiruvananthapuram,Unaided Recognised,  1 -10,04712500457 ,  ,Not Available
526,525,HS:43138," CRD School,LMS Compound, Thiruvananthapuram ",,Thiruvananthapuram(C),"Thiruvananthapuram
",Vattiyoorkavu,Aided,  1 - 12,04712316724 ,  ,Not Available
527,526,LP:43201, Govt. L. P. S. Aramada ,,Thiruvananthapuram(C),"Thiruvananthapuram
",Nemom,Government,  1 - 4,9497470313 ,  ,Location map
528,527,LP:43202, Govt. L. P. S. Tamil Chalai ,,Thiruvananthapuram(C),"Thiruvananthapuram
",Thiruvananthapuram,Government,  1 - 4,8281937015 ,  ,Location map
529,528,LP:43203, Govt. L. P. S. Cotton Hill ,,Thiruvananthapuram(C),"Thiruvananthapuram
",Thiruvananthapuram,Government,  1 - 4,04712721971 ,  ,Location map
530,529,LP:43204, Govt. H. S. L. P. S. Karamana ,,Thiruvananthapuram(C),"Thiruvananthapuram
",Thiruvananthapuram,Government,  1 - 4,7356467271 ,  ,Location map
531,530,LP:43205, Govt. Model H. S. L. P. S. Thycaud ,,Thiruvananthapuram(C),"Thiruvananthapuram
",Thiruvananthapuram,Government,  1 - 4,04712327657 ,  ,Location map
532,531,LP:43206, Govt. S. S. L. P. S. Karamana ,,Thiruvananthapuram(C),"Thiruvananthapuram
",Nemom,Government,  1 - 4,9447698660 ,  ,Location map
533,532,LP:43207, Govt. W. L. P. S. Koliacode ,,Thiruvananthapuram(C),"Thiruvananthapuram
",Nemom,Government,  1 - 4,9526344284 ,  ,Location map
534,533,LP:43208, Govt. L. P. S. Kunnapuzha ,,Thiruvananthapuram(C),"Thiruvananthapuram
",Nemom,Government,  1 - 4,9288958838 ,  ,Location map
535,534,LP:43209, Govt. L. P. S. Mankad ,,Thiruvananthapuram(C),"Thiruvananthapuram
",Nemom,Government,  1 - 4,9495409696 ,  ,Location map
536,535,LP:43210, Govt. L. P. S. Mudavanmukal ,,Thiruvananthapuram(C),"Thiruvananthapuram
",Nemom,Government,  1 - 4,04712352211 ,  ,Location map
537,536,LP:43211, Govt. H. S. L. P. S. Papanamcode ,,Thiruvananthapuram(C),"Thiruvananthapuram
",Nemom,Government,  1 - 4,9497759183 ,  ,Location map
538,537,LP:43212, Govt. L. P. S. Sasthamangalam ,,Thiruvananthapuram(C),"Thiruvananthapuram
",Vattiyoorkavu,Government,  1 - 4,2316177 ,  ,Location map
539,538,LP:43213, Govt. L. P. S. Trivikramangalam ,,Thiruvananthapuram(C),"Thiruvananthapuram
",Nemom,Government,  1 - 4,9495020204 ,  ,Location map
540,539,LP:43214, Govt. L. P. S. Thiruvallom ,,Thiruvananthapuram(C),"Thiruvananthapuram
",Nemom,Government,  1 - 4,9495482874 ,  ,Location map
541,540,LP:43215, Govt. L. P. S. Thycadu ,,Thiruvananthapuram(C),"Thiruvananthapuram
",Thiruvananthapuram,Government,  1 - 4,9495904071 ,  ,Location map
542,541,LP:43216, Govt. L. P. S. Valiasala ,,Thiruvananthapuram(C),"Thiruvananthapuram
",Nemom,Government,  1 - 4,9497848248 ,  ,Location map
543,542,LP:43217, Govt. L. P. S. Valiathura ,,Thiruvananthapuram(C),"Thiruvananthapuram
",Thiruvananthapuram,Government,  1 - 4,9048334658 ,  ,Location map
544,543,LP:43218, M. S. C. L. P. S. Ponnumangalam ,,Thiruvananthapuram(C),"Thiruvananthapuram
",Nemom,Aided,  1 - 4,9388570731 ,  ,Location map
545,544,LP:43219, St. Antony`s L. P. S. Poozhikunnu ,,Thiruvananthapuram(C),"Thiruvananthapuram
",Nemom,Aided,  1 - 4,940096143 ,  ,Location map
546,545,LP:43220, B. N. V. L. P. S. Punchakkari ,,Thiruvananthapuram(C),"Thiruvananthapuram
",Nemom,Aided,  1 - 4,9526406444 ,  ,Not Available
547,546,LP:43221, M.S.C. L. P. S. Thrivikramangalam ,,Thiruvananthapuram(C),"Thiruvananthapuram
",Nemom,Aided,  1 - 4,9446100828 ,  ,Not Available
548,547,LP:43222, S. A. L. P. S. Kakamoola ,Nemom,Thiruvananthapuram(P),"Thiruvananthapuram
",Kovalam,Aided,  1 - 4,9495628237 ,  ,Not Available
549,548,LP:43223, R. C. L. P. S. Kalliyil ,Nemom,Thiruvananthapuram(P),"Thiruvananthapuram
",Kovalam,Aided,  1 - 4,8921897289 ,  ,Location map
550,549,LP:43224, L. M. S. L. P. S. Kudumpanoor ,Nemom,Thiruvananthapuram(P),"Thiruvananthapuram
",Kovalam,Aided,  1 - 4,9495655767 ,  ,Location map
551,550,LP:43225, Holycross L. P. S. Palappoor ,Nemom,Thiruvananthapuram(P),"Thiruvananthapuram
",Kovalam,Aided,  1 - 4,9446039493 ,  ,Location map
552,551,LP:43226, M. S. C. L. P. S. Vellayani ,Nemom,Thiruvananthapuram(P),"Thiruvananthapuram
",Kovalam,Aided,  1 - 4,9447768908 ,  ,Location map
553,552,LP:43227, A. N. S. M. E. M. L. P. S Thiruvallom ,,Thiruvananthapuram(C),"Thiruvananthapuram
",Nemom,Unaided Recognised,  1 - 4,9539384261 ,  ,Not Available
554,553,LP:43228, St. Antony`s L. P. S. Vallakadavu ,,Thiruvananthapuram(C),"Thiruvananthapuram
",Thiruvananthapuram,Unaided Recognised,  1 - 4,04712506327 ,  ,Not Available
555,554,LP:43229, Roy Kintergaraden And L. P. S. Thirumala ,,Thiruvananthapuram(C),"Thiruvananthapuram
",Nemom,Unaided Recognised,  1 - 4,04712351456 ,  ,Not Available
556,555,UP:43230, Tolstoy Memorial Public School Shanthivila ,Nemom,Thiruvananthapuram(P),"Thiruvananthapuram
",Kovalam,Unaided Recognised,  1 - 7,04712390876 ,  ,Not Available
557,556,LP:43231, Govt. L. P. S. Kanjirampara ,,Thiruvananthapuram(C),"Thiruvananthapuram
",Vattiyoorkavu,Government,  1 - 5,9495629843 ,  ,Location map
558,557,LP:43232, Govt. L. P. S. Kuriyathi ,,Thiruvananthapuram(C),"Thiruvananthapuram
",Thiruvananthapuram,Government,  1 - 5,9497759183 ,  ,Location map
559,558,LP:43233, Govt. L. P. S. Mettukkada ,,Thiruvananthapuram(C),"Thiruvananthapuram
",Thiruvananthapuram,Government,  1 - 5,04712323433 ,  ,Location map
560,,,,,,,,,,,,
